{
    "programing 2021": {
        "clickbait_avg_views": 116114.55555555556,
        "noclickbait_avg_views": 75176.15,
        "clickbait_noclickbait_avg_ratio": 1.5445664024501862,
        "clickbait_per_video": 0.10112359550561797,
        "video_counts": 89,
        "clickbait_video_count": 9,
        "noclclickbait_video_count": 80,
        "total_views": 7059123,
        "clickbait_views": 1045031,
        "noclclickbait_views": 6014092,
        "result": [
            false,
            false,
            false,
            false,
            false,
            false,
            false,
            false,
            false,
            false,
            false,
            false,
            false,
            false,
            false,
            false,
            false,
            false,
            false,
            false,
            false,
            true,
            false,
            true,
            true,
            false,
            false,
            false,
            true,
            false,
            false,
            false,
            true,
            false,
            false,
            false,
            true,
            true,
            false,
            false,
            true,
            false,
            false,
            false,
            false,
            false,
            false,
            false,
            false,
            false,
            false,
            false,
            false,
            false,
            false,
            false,
            false,
            false,
            false,
            false,
            false,
            false,
            false,
            false,
            false,
            false,
            false,
            false,
            false,
            true,
            false,
            false,
            false,
            false,
            false,
            false,
            false,
            false,
            false,
            false,
            false,
            false,
            false,
            false,
            false,
            false,
            false,
            false,
            false
        ],
        "view": [
            "251571",
            "216772",
            "73015",
            "35007",
            "133031",
            "35122",
            "3807",
            "84417",
            "384",
            "30343",
            "245911",
            "338463",
            "58362",
            "2389",
            "1",
            "131",
            "95364",
            "1151858",
            "917081",
            "60049",
            "57218",
            "254098",
            "234665",
            "572973",
            "116",
            "591",
            "61",
            "313280",
            "97",
            "37",
            "7",
            "84",
            "99",
            "14",
            "66658",
            "3",
            "0",
            "5",
            "1528",
            "278",
            "232",
            "13",
            "5",
            "91161",
            "491314",
            "70",
            "83814",
            "13",
            "13",
            "35626",
            "46969",
            "176",
            "3",
            "314",
            "7",
            "73",
            "57705",
            "13",
            "9",
            "5",
            "34",
            "28",
            "3",
            "82",
            "6",
            "19",
            "1259",
            "30",
            "186",
            "217411",
            "152609",
            "9138",
            "51",
            "4",
            "453190",
            "121",
            "49694",
            "18",
            "13",
            "163",
            "21",
            "10",
            "7",
            "4",
            "118507",
            "33",
            "13826",
            "228",
            "3"
        ],
        "title": [
            "Top 10 Programming Languages In 2021| Best Programming Languages To Learn In 2021 | Simplilearn",
            "The Top 5 Programming Languages in 2021 to get a job",
            "Top 5 Programming Languages to Learn in 2021 to Get a Job Without a College Degree",
            "How to Become a Programmer in 2021",
            "Top 5 programming language for 2021",
            "Why Programming is the Best Job in 2021",
            "Top 3 Programing Languages To Learn In 2021",
            "Top 10 Dying Programming Languages in 2021 | Programming Languages to Avoid in 2021 | Edureka",
            "Top five programming language to be learn in 2021||Five popular programing language in 2021|",
            "Is Java Still Worth Learning in 2021?",
            "Top 10 Programming Languages For 2021 | Best Programming Languages to Learn in 2021 | Edureka",
            "Top 10 Technologies To Learn In 2021 | Trending Technologies In 2021 | Simplilearn",
            "Top 5 Future Programming Languages | Upcoming Programming Languages | Simplilearn",
            "best linux distro for programing 2021",
            "Top 5 programing to learn in 2021 | get job opportunity in software development",
            "Top 10 Highly Pad Programming Languages in 2021,programming languages,demanding programing languages",
            "Top 10 Books To Learn Python in 2021 | Best Books For Python | Good Books to Learn Python | Edureka",
            "Top 10 Programming Languages In 2020 | Best Programming Languages To Learn In 2020 | Edureka",
            "C Programming For Beginners | Learn C Programming | C Tutorial For Beginners | Edureka",
            "Java Interview Questions And Answers | Java Programming Interview Questions And Answers |Simplilearn",
            "Top 10 Books to Learn Java in 2021 | Best Java Books For Beginner and Advanced Programmers | Edureka",
            "Top 10 Certifications For 2021 | Highest Paying IT Certifications | Best IT Certifications | Edureka",
            "Vue JS Crash Course 2021",
            "Top 10 Highest Paying Jobs For 2021 | Highest Paying IT Jobs in 2021 | Best IT Jobs 2021 | Edureka",
            "DECADE ITS ON 2020 or 2021? What say the Programing Languages about the controversity",
            "BS 4 Spring 2021 Computer Programing Lecture 1 2021-02-24 at 8.22am",
            "Best Programing Language You Should Learn In 2021(HINDI)",
            "Top 10 Reasons to Learn Python in 2021 | Python Programming | Python Training | Edureka",
            "TOP 10 PROGRAMMING LANGUAGES IN 2021| programming languages 2020|Best programing language",
            "Osradie ( Wahaladay programing) 2021",
            "Best programing for hackers 2021",
            "BS 4 Spring 2021 Computer Programing Lecture 3 2021-03-09 at 8.25am",
            "Top 5 Programing Languages You Should Learn In 2021 And Get Highly Paid Jobs In India. II  IT Jobs",
            "Why to learn C programing in 2021 ?",
            "Which programing language should i learn 2017 Telugu",
            "Object oriented Programing Lab (16/03/2021)",
            "UTS MOBILE PROGRAMING 2021",
            "Object Oriented Programing LAB (30/03/2021)",
            "Medical Coding for Beginners 2021",
            "Top 5 programing language in 2021. which is best programing language in 2021. Technical birds",
            "DELCAM  PROGRAMING PART 1",
            "UTS Mobile Programing 2021",
            "Object Oriented Programing (12/04/2021)",
            "Java Tutorial For Beginners [2021] | Java Full Course In 11 Hours | Java Programming | Simplilearn",
            "Rust Crash Course | Rustlang",
            "BS 4 Spring 2021 Computer Programing Lecture 6 2021-04-06 at 8.20am",
            "Top 10 Mobile Application Frameworks 2021 | Best Mobile App Development Frameworks | Edureka",
            "Class-03 || C Programing || C Sharp || PSDP || 26.02.2021",
            "Class-03 || C Programing || C Sharp || PSDP || 26.02.2021",
            "Key Fobs Programing  - Launch X431 V",
            "Best Laptops Under 35000 in India for Students, Gaming, Coding, Programing | Best Laptop Under 30000",
            "Effective Programing languages for Interview 2021 || Frequently asked Programing Questions || Tamil",
            "Tugas Delete Mobile Programing 2021",
            "Best way to learn programing language easily in 2021",
            "Object Oriented Programing (22/03/2021)",
            "BS 4 Spring 2021 Computer Programing Lecture 4 2021-03-16 at 8.21am",
            "Learning & Support | How to Set Up Memory Seating | GMC",
            "Ethical hacking tips for beginners | python | c | programing | programing in 2021| #programing",
            "Most Popular Programing languages (1991-2021)",
            "Numerical Analysis And Programing In C B.Sc math, 2021",
            "Top 5 programing language for 2021 | Best Programing language to learn & Get a Job without Degree",
            "Watch Now: Chautauqua Institute Programing Re-opens for summer 2021",
            "Programing default arguments parameters C++ Visual Studio 2021",
            "Top 5 programing languages to learn in 2021 which are profitable",
            "Object Oriented Programing Lab (06/04/2021)",
            "Top 5 programing languages to learn in 2021 !!!!!",
            "2020 GMC Sierra proximity programming; 2-possible programing slot locations!",
            "Object Oriented Programing (01/03/2021)",
            "Hackers conversation motivation|coding motivational video|#shorts|programing 2021",
            "Top 10 Highest Paying Jobs In 2021 | Highest Paying IT Jobs 2021 | High Salary Jobs | Simplilearn",
            "GMC/Chevy Truck Homelink Programing for Multiple Doors",
            "CNC Turning program tutorial | mastercam lathe programing",
            "top 5 programing language in 2021 || part 14",
            "Top five Programing Languages 2021",
            "10 Useful Windows Apps & Software to Use in 2021!",
            "Best Programing Languages to learn in 2021",
            "Quick Tips: How Do I Set My Memory Seats? | Chevrolet",
            "c language tutorial in hindi 2021 | c programing introduction and history",
            "#2. How to Set-Up VS code for Programing in Python? Step by step guide latest 2021 | Saurav Kumar",
            "Happy New year 2021 wishing you by programing in python watch till end",
            "Full Sail Programing 1 April 2021 Programmer's Choice: D&D 5e Character Creator",
            "Music for Programming , Hacking  and Coding /Code-fi / lofi Beats 2021",
            "LECT 2-12-01-2021 FYBSCIT-II SEM-WEB PROGRAMING-BIPIN VAITY",
            "Top 8 Best Programing Language For Artificial intelligence (Ai) |Best Ai Developing Language in 2021",
            "Best Python IDEs For 2021 | Top 10 IDEs for Python | Python Training | Edureka",
            "Zouk music prpducer Cash Flow  April 2021 (programing drum part 1)",
            "Best Laptops Under 45000 in India for Students, Gaming, Coding, Programing | Best Laptop Under 40000",
            "TCS NQT 2021 Programing Logic in (Telugu) |Recruitment 2021 Pass outs| TCS NQT Model Questions",
            "gioi thieu chuan chi tiet CNC Programing 28 04 2021"
        ]
    }
}