{
    "roblox": {
        "clickbait_avg_views": 433979.0172413793,
        "noclickbait_avg_views": 578584.9523809524,
        "clickbait_noclickbait_avg_ratio": 0.7500696578013292,
        "clickbait_per_video": 0.58,
        "video_counts": 100,
        "clickbait_video_count": 58,
        "noclclickbait_video_count": 42,
        "total_views": 49471351,
        "clickbait_views": 25170783,
        "noclclickbait_views": 24300568,
        "result": [
            false,
            false,
            false,
            false,
            true,
            false,
            true,
            false,
            true,
            true,
            true,
            true,
            false,
            false,
            false,
            false,
            false,
            false,
            true,
            true,
            true,
            false,
            true,
            true,
            false,
            false,
            true,
            false,
            true,
            true,
            false,
            false,
            true,
            false,
            true,
            false,
            false,
            true,
            true,
            true,
            true,
            false,
            false,
            true,
            false,
            true,
            true,
            true,
            false,
            true,
            true,
            true,
            true,
            true,
            false,
            false,
            true,
            true,
            false,
            true,
            true,
            false,
            true,
            true,
            true,
            false,
            true,
            true,
            false,
            false,
            false,
            false,
            false,
            true,
            false,
            false,
            true,
            true,
            true,
            false,
            true,
            true,
            false,
            true,
            true,
            false,
            true,
            true,
            true,
            true,
            false,
            true,
            true,
            true,
            true,
            true,
            true,
            true,
            false,
            true
        ],
        "view": [
            "90567",
            "59158",
            "80563",
            "46602",
            "34503",
            "74752",
            "121712",
            "137184",
            "957718",
            "123709",
            "693990",
            "187029",
            "444077",
            "97413",
            "266065",
            "628340",
            "24077",
            "197625",
            "227019",
            "108789",
            "216932",
            "573777",
            "18336",
            "446230",
            "355816",
            "311273",
            "59080",
            "117749",
            "76075",
            "23386",
            "471214",
            "1757496",
            "748992",
            "79662",
            "72236",
            "469869",
            "1825454",
            "657838",
            "1512151",
            "272908",
            "349377",
            "213012",
            "325902",
            "910639",
            "108344",
            "386458",
            "111944",
            "218909",
            "103166",
            "171712",
            "212206",
            "485183",
            "913849",
            "139857",
            "1630103",
            "290947",
            "419064",
            "981814",
            "2044058",
            "574839",
            "114152",
            "625401",
            "1155383",
            "261477",
            "720219",
            "84992",
            "115198",
            "464497",
            "4032764",
            "408811",
            "339570",
            "562087",
            "371269",
            "926849",
            "214277",
            "120583",
            "239464",
            "175612",
            "116136",
            "2454136",
            "1796185",
            "219006",
            "210507",
            "122119",
            "157798",
            "561060",
            "122119",
            "157798",
            "213138",
            "1052905",
            "1187415",
            "560068",
            "86406",
            "918602",
            "69702",
            "1293028",
            "369256",
            "182944",
            "303431",
            "1126238"
        ],
        "title": [
            "I pretended to be a noob, then destroyed everyone.. (Roblox Arsenal)",
            "Family Found Their Long Lost Daughter.. (Roblox Bloxburg)",
            "Roblox Super Beach House Tycoon...",
            "Satisfying TikTok Roblox Edits That Are Creative #3",
            "SWAT RAID IN BROOKHAVEN RP! (Roblox)",
            "Best Roblox Tiktok Edits #86",
            "PRIDE BUILD CHALLENGE With FANS In Adopt Me (Roblox)",
            "I played ROBLOX CAMPING 3... the ending will shock you",
            "Our WOLF FAMILY in Roblox!",
            "ICE CREAM, 1 episode (ice cream maker, scary story in roblox)",
            "I HAD A CRAZY SUPERFAN IN BROOKHAVEN! (ROBLOX BROOKHAVEN RP)",
            "Roblox - COISAS QUE NUNCA ACONTECERIAM EM MIRACULOUS",
            "I pretended to have aimbot.. (Roblox Arsenal)",
            "My Ex Girlfriend Moved In With Me.. (Roblox Bloxburg)",
            "The Roblox Burger Experience",
            "The HATED Child Becomes STRONGEST Bully in Roblox BROOKHAVEN RP!!",
            "Soy La Nueva Estudiante en Academia Fairytale en Roblox",
            "Zombies Invade Brookhaven !! Roblox RP",
            "JE DEVIENS LE PLUS FORT dans ROBLOX..",
            "HANNO SPARATO AL RAGAZZO LUPO NELLA SCUOLA DEI MOSTRI SU ROBLOX!",
            "*SECRET* Door In UNDERWATER Adopt Me REVEALS A *SECRET* (Roblox)",
            "The Squad Goes From CHEERLEADERS To GOTH In Roblox Brookhaven RP!",
            "WIJ SPEELDE VERSTOPPERTJE IN ROBLOX..",
            "Roblox HIDE & SEEK Challenge at 3 AM w/ SCARY CLOWN!",
            "The ROBLOX Cart Ride Experience",
            "Ajan Bebek Oldum!! - Panda ile Roblox Brookhaven",
            "THE BEST ROBLOX TIKTOK EDITS COMPILATION",
            "His Mom Went Missing! (A Roblox Brookhaven RP Movie)",
            "How to get ALL ITEMS in IN THE HEIGHTS EVENT!! (Roblox In The Heights Block Party)",
            "Adopt Me MYTHICAL EGG Update Konzept mit Pets!| Roblox/Deutsch",
            "ROBLOX CAMPING 3",
            "Roblox's banned roleplay games...",
            "OPPOSITE DAY in Roblox BROOKHAVEN RP!!",
            "NOUVELLES ASTUCES ET TOUS LES EMOTES SECRETS DANS BROOKHAVEN! ROBLOX BROOKHAVEN RP",
            "SI PIERDO REGALO ROBUX | RETOS EN TOWER OF HELL CON @Lyna",
            "cheating with invisibility.. (Roblox Arsenal)",
            "Roblox text to speech goes bad...",
            "ANDIAMO NEL MONDO DELLE PRINCIPESSE DI ROBLOX!!",
            "*NEW SECRET* Places In Brookhaven That Will SHOCK YOU! (Roblox)",
            "The BIGGEST Shadow Dragon Build EVER In Adopt Me! (Roblox)",
            "New Kamosi PIGGY Book 2 Chapter 8 Roblox Skin",
            "Ex Girlfriend Followed Me Home.. (Roblox Bloxburg)",
            "Heartbroken and Famous.. (Roblox Brookhaven)",
            "I WON THE LOTTERY IN BROOKHAVEN! (ROBLOX BROOKHAVEN RP)",
            "Horangi Menyamar Sebagai Tong Sampah.... [Hide and Seek Transform] (Roblox Malaysia)",
            "RICH to BROKE in Less Than 10 MINUTES in Roblox Adopt Me | ZamFam Gaming",
            "ONLY SUPERVILLAIN In SUPERHERO School.. (Roblox Bloxburg)",
            "I Pretended To Be *TRICKY* In The Phase 3 Update... (ROBLOX FUNKY FRIDAY)",
            "Aku Dikejar Oleh Roti Disebabkan Membazir Makanan.... [Escape The Bakery Obby!] (Roblox Malaysia)",
            "P2P TOWERS ONLY IN TDS.. (costed $100) | ROBLOX",
            "I Pretended To Be DEMON TRICKY! | Roblox Funky Friday",
            "ROBLOX LIFE : Dirty girl -  Animation",
            "BIRTH TO DEATH: THE EVIL QUEEN IN BROOKHAVEN! (ROBLOX BROOKHAVEN RP)",
            "POPULAR FAMILY Adopted NERD SON! (Roblox Bloxburg)",
            "Roblox hackers are annoying...",
            "Celebrity Has A Crush On Me! (Roblox Bluxburg)",
            "its FINALLY OVER roblox...",
            "Roblox HATED CHILD vs FAVORITE CHILD in Brookhaven RP...",
            "Roblox is being sued...",
            "We Found *SECRET ROOMS* In The NEW BROOKHAVEN HOUSES! (Roblox)",
            "ROBLOX MUSICAL CHAIRS is very serious",
            "Miraculous Roleplay on Roblox! | Janet and Kate Become Ladybug and Cat Noir",
            "ROBLOX BULKED UP...",
            "roblox DID NOT LISTEN...",
            "We FOUND PENNYWISE in Roblox Brookhaven RP!! (Scary)",
            "MAMA Aku Selalu MENURUTI PERMINTAAN Ku Feat @MOOMOO Brookhaven Roleplay Roblox Indonesia",
            "roblox mods MESSED UP...",
            "*SECRET* KEYCARD LOCATION To ACTIVATE THE POWERPLANT In Brookhaven! (Roblox)",
            "Goodbye Roblox",
            "The Roblox Therapy Experience",
            "doing your arsenal dares.. (Roblox)",
            "Escape The Daycare OBBY Roblox",
            "I snuck into Private Servers.. (Roblox Arsenal)",
            "We friended SPIRIT in Roblox Horse Valley!",
            "I ACTED SUS to roblox oders and this happened..",
            "Birth To Death: The Trillionaire! (A Roblox Brookhaven RP Movie)",
            "My MUSHROOM GREW Into A PERSON In Adopt Me! (Roblox)",
            "UGLY DAUGHTER Became A MODEL! (Roblox Bloxburg)",
            "VOICE CHAT In BLOXBURG Is FINALLY HERE! (Roblox)",
            "ROBLOX DHAR MANN",
            "Only playing BAD ROBLOX GAMES...",
            "ROBLOX PIGGY: THE LOST BOOK CHAPTER 3.. [Warehouse]",
            "Best Roblox Tiktok Edits #84",
            "ROBLOX TOWER OF KILLERS...",
            "CREEPY Boss Hired SWAT To Arrest Me.. (Roblox Bloxburg)",
            "Roblox Build To Survive Simulator...",
            "ROBLOX TOWER OF KILLERS...",
            "CREEPY Boss Hired SWAT To Arrest Me.. (Roblox Bloxburg)",
            "BROOKHAVEN REALIDAD VIRTUAL CON MOMENTOS DIVERTIDOS (ROBLOX)",
            "MOM VS DAD IN BROOKHAVEN! (ROBLOX BROOKHAVEN RP)",
            "Disaster Vacation A Roblox Story Game",
            "The Squads FIRST TIME Playing Bedwars! (Roblox Bedwars)",
            "The SECRET CAVE In Tapping Gods IS FINALLY OPEN... *NEW UPDATE*  (Roblox)",
            "DAY IN THE LIFE OF A TIKTOKER IN BROOKHAVEN! (ROBLOX BROOKHAVEN RP)",
            "ROBLOX TIKTOKS THAT ARE ACTUALLY GOOD",
            "We Stopped a GIANT FLOOD in Roblox BROOKHAVEN RP!!",
            "I cheated by becoming INVINCIBLE.. (Roblox Arsenal)",
            "POPULAR BOY Fell IN LOVE With The SCHOOL NERD In Brookhaven! (Roblox)",
            "Going from Poor to Rich on Brookhaven! | Roblox Roleplay",
            "The END of Roblox BROOKHAVEN RP.. (Apocalypse Story)"
        ]
    }
}