{
    "smartphone": {
        "clickbait_avg_views": 1857695.1739130435,
        "noclickbait_avg_views": 1094611.2222222222,
        "clickbait_noclickbait_avg_ratio": 1.6971278351610979,
        "clickbait_per_video": 0.2987012987012987,
        "video_counts": 77,
        "clickbait_video_count": 23,
        "noclclickbait_video_count": 54,
        "total_views": 101835995,
        "clickbait_views": 42726989,
        "noclclickbait_views": 59109006,
        "result": [
            true,
            false,
            false,
            false,
            true,
            false,
            false,
            true,
            false,
            false,
            true,
            true,
            false,
            false,
            false,
            false,
            true,
            true,
            false,
            true,
            false,
            false,
            false,
            true,
            false,
            false,
            false,
            true,
            false,
            true,
            false,
            false,
            false,
            true,
            false,
            false,
            false,
            false,
            false,
            true,
            true,
            false,
            true,
            false,
            false,
            true,
            false,
            false,
            true,
            false,
            false,
            false,
            true,
            false,
            false,
            false,
            false,
            false,
            false,
            false,
            false,
            true,
            false,
            false,
            false,
            true,
            true,
            true,
            true,
            false,
            false,
            false,
            false,
            false,
            false,
            false,
            false
        ],
        "view": [
            "3059594",
            "7614107",
            "309237",
            "5854941",
            "7105435",
            "39320",
            "13012",
            "109016",
            "74852",
            "644415",
            "423083",
            "12736",
            "101740",
            "15289",
            "2790239",
            "70117",
            "1351798",
            "18810",
            "59676",
            "101048",
            "1711443",
            "1077626",
            "2560788",
            "17531",
            "1332280",
            "50493",
            "5437",
            "1882872",
            "1143689",
            "8111",
            "301867",
            "82143",
            "2410598",
            "73212",
            "870",
            "870",
            "48094",
            "1440318",
            "54606",
            "1108431",
            "353977",
            "2562636",
            "2211577",
            "7961",
            "3118110",
            "1214293",
            "9996",
            "2556969",
            "151573",
            "3237",
            "49675",
            "222531",
            "846753",
            "698764",
            "197805",
            "27065",
            "41110",
            "230853",
            "1866297",
            "2017029",
            "1712954",
            "395892",
            "56292",
            "27208",
            "27208",
            "4977082",
            "10720907",
            "937783",
            "5645475",
            "3647956",
            "1137724",
            "4268794",
            "77182",
            "4512225",
            "57163",
            "72261",
            "93934"
        ],
        "title": [
            "The BEST Smartphones of 2021!",
            "The Thinnest Smartphone in the World.",
            "Top 15 Best Smartphones Early 2021!",
            "Smartphone Awards 2020!",
            "The Only REAL \"Pro\" Smartphone?!",
            "Smartphone Gimmicks That Needs to Stop Right Now",
            "Migliori Smartphone Android (GIUGNO 2021) | #TopSmartphone",
            "Huawei's New Smartphone Sets Internet on FIRE...",
            "Top 8 Latest Smartphone In Bangladesh 2021||",
            "Best Smartphone For You !",
            "SMARTPHONE BUYING GUIDE THIS 2021! (REALTALK)",
            "TOP 7 Best Smartphone Under 15000 in June 2021 I Mobile Phones under 15000",
            "8GB + 128GB | Top 7 Best Smartphone Under 15000 | Best Phone Under 15000 in 2021",
            "Top Upcoming 5G Smartphones in June 2021",
            "The World's Largest Smartphone Camera!",
            "Best Smartphone under 15000 - Explained Clearly",
            "This New Smartphone Packs a MONSTER Display...",
            "SMARTPHONE GIMBAL TRANSITIONS!",
            "Please! Don't Buy Smartphones in June 2021 - When to Buy New Phone?",
            "Best UPCOMING Smartphone JUNE 2021 | Official & Unofficial",
            "This might be the Best Selling MidRange SmartPhone !",
            "Which SMARTPHONES Do We Use? YOUTUBER Edition ft. MKBHD, Linus Tech Tips, Austin Evans + More",
            "The $200 Flagship Smartphone Alternative",
            "8GB RAM | | TOP 5 POWERFUL SMARTPHONE UNDER 15000 In India | BEST PHONE UNDER 15000 || June 2021",
            "When Smartphones Copy Each Other!",
            "Best Android Smartphone So Far in 2021? (Pros and Cons)",
            "Jio Phone 3 Booking | Jio Google 4G Smartphone Pre Booking",
            "This New Smartphone is Like LIQUID Metal...",
            "5.Soto Asa - Smartphone (ft. La Zowi)",
            "HANDHELD vs GIMBAL MOBILE FILMMAKING // DO YOU NEED A SMARTPHONE GIMBAL?",
            "The rise of Chinese smartphones",
            "SPC world express | Walton RX 8 Mini, Redmi New Smartphone, Realme X9 Series #TN198",
            "Smartphone to laptop transformation",
            "Can Huawei's Harmony OS for smartphones compete with Google's Android and Apple's iOS?",
            "Dit zijn de beste smartphones van juni 2021 | SmartphoneMan koopwijzer",
            "Dit zijn de beste smartphones van juni 2021 | SmartphoneMan koopwijzer",
            "Best Smartphone Under 15000 for Gaming, Camera & Battery Backup | Top Smartphone Under 15000 | 15000",
            "Smartphone Durability Awards 2020!",
            "2021 Phones that Failed to Impress us | From 10K to 50K | Smartphone Buying Guide 2021 [Hindi]",
            "A NEW Sapphire Smartphone?! - Ultra Rugged or Ultra Premium?",
            "10 CRAZY THINGS You Can Do With Your Smartphone!!!",
            "Sony - World's First Smartphone To Do This",
            "if smartphone commercials were EXTREMELY honest.",
            "Die besten Smartphone 2021 (Stand Mai '21)",
            "The Smartphone With a Microscope Camera?!",
            "TOP 5 SULIT SMARTPHONES NA BAGSAK PRESYO NA NGAYONG 2020!",
            "Top 5 Best Smartphones Under 12000 in June 2021 | Best 5 Phones Under 12k In 2021|Gaming Phones",
            "Why does nobody buy LG Smartphones?",
            "The BEST Smartphone Camera in 2021!",
            "Top 5 Best smartphone under 9000 in 2021 | best gaming phone under 9000 | best mobile under 9000",
            "Smartphone Fraud on Instagram 2021 !!",
            "Best Smartphone Under 10000 June 2021 | Top 5 Phones under 10k | Best Phone under 10000 |",
            "TOP 5 SMARTPHONES YOU SHOULD GET THIS 2020!",
            "How do Smartphone CPUs Work?  ||  Inside the System on a Chip",
            "Top 10+ Upcoming Smartphones To Launch in India [June 2021]",
            "Top 10 Latest Smartphone In Bangladesh 2021||",
            "How To Choose The Best Smartphone in 2021?",
            "Are you addicted to your smartphone? 6 Minute English",
            "Turn any Smartphone into A Gaming Console !",
            "The $200 Smartphone?!",
            "Here's Your Smartphone in 2030",
            "Sony Xperia 1 III UNBOXING and Initial REVIEW - World's FIRST 4K 120Hz Smartphone.",
            "Best Smartphone Under 10000 for Gaming, Camera & Battery Backup | Top Smartphone Under 10000 | 10000",
            "Phones Under 20000 in June 2021 | With 5G Phones, | Best Smartphone under 20000 | Under 20K Phone |",
            "Phones Under 20000 in June 2021 | With 5G Phones, | Best Smartphone under 20000 | Under 20K Phone |",
            "Are Linux Smartphones about to KILL Android?",
            "This Smartphone lasts 50 DAYS without Charging.",
            "TOP 10 SMARTPHONES PHP10K AND BELOW(2020 EDITION)",
            "Top 13 BEST Smartphones of 2020 (Mid Year).",
            "World's Biggest Smartphone Collection?",
            "This Sleek New Smartphone Eliminates the Camera Hump...",
            "Xiaomi Mi 11 Flagship Smartphone Unboxing (Press Kit) + Snapdragon 888 gameplay",
            "Realme X7 Max unboxing - First 5G Smartphone in India with Dimensity 1200 chipset",
            "Can a Cheap 2020 Smartphone beat a 2018 Flagship?",
            "Best Smartphones Under 15000 Malayalam",
            "Best Smartphone Under 10000 June 2021 | Top 5 Phones under 10k | Best Phone under 10000 |",
            "Real Flagship Killer of 2021 | Best Smartphone Under 20000 | Oneplus Budget Phone Confirmed"
        ]
    }
}