{
    "life hacks": {
        "clickbait_avg_views": 5364546.970588235,
        "noclickbait_avg_views": 3768010.066666667,
        "clickbait_noclickbait_avg_ratio": 1.4237082374182533,
        "clickbait_per_video": 0.6017699115044248,
        "video_counts": 113,
        "clickbait_video_count": 68,
        "noclclickbait_video_count": 45,
        "total_views": 534349647,
        "clickbait_views": 364789194,
        "noclclickbait_views": 169560453,
        "result": [
            true,
            true,
            true,
            false,
            true,
            false,
            true,
            true,
            true,
            true,
            true,
            false,
            true,
            true,
            true,
            false,
            false,
            true,
            true,
            false,
            true,
            true,
            false,
            true,
            true,
            true,
            true,
            true,
            true,
            true,
            true,
            false,
            false,
            true,
            true,
            false,
            true,
            false,
            true,
            false,
            false,
            true,
            true,
            false,
            false,
            false,
            true,
            true,
            true,
            false,
            true,
            false,
            false,
            true,
            false,
            true,
            true,
            true,
            true,
            false,
            true,
            false,
            false,
            true,
            true,
            true,
            true,
            true,
            false,
            true,
            false,
            true,
            true,
            true,
            true,
            true,
            false,
            false,
            false,
            false,
            false,
            true,
            false,
            false,
            true,
            true,
            false,
            true,
            false,
            true,
            true,
            false,
            false,
            true,
            true,
            true,
            false,
            true,
            false,
            false,
            true,
            true,
            false,
            false,
            true,
            false,
            true,
            true,
            true,
            false,
            true,
            false,
            false
        ],
        "view": [
            "12144944",
            "13388144",
            "1186526",
            "13171",
            "2713330",
            "180756",
            "12782976",
            "474382",
            "909086",
            "65800",
            "4949860",
            "2762297",
            "7007939",
            "1987035",
            "2429402",
            "4726092",
            "14914",
            "3100982",
            "28205526",
            "3221675",
            "2609150",
            "17075970",
            "10514",
            "6207460",
            "1941745",
            "2617758",
            "5075311",
            "2431120",
            "310039",
            "3355401",
            "2133219",
            "4834154",
            "742527",
            "1170333",
            "12870916",
            "20140930",
            "700741",
            "588519",
            "2939103",
            "7755008",
            "6547281",
            "592953",
            "1457768",
            "11340",
            "2073682",
            "153644",
            "3346962",
            "736976",
            "15889051",
            "1430000",
            "8795761",
            "25147",
            "4732713",
            "2471012",
            "7041",
            "13102",
            "157894",
            "1067480",
            "12268141",
            "1205733",
            "1806302",
            "495590",
            "431015",
            "1340227",
            "3932396",
            "67364257",
            "7035181",
            "2069797",
            "42452557",
            "1227125",
            "7013193",
            "1697917",
            "448495",
            "977447",
            "145215",
            "16059827",
            "128811",
            "66783",
            "240137",
            "33632",
            "123786",
            "1931136",
            "915156",
            "7418095",
            "7625716",
            "399524",
            "15407145",
            "1871625",
            "6489154",
            "8595866",
            "7184600",
            "19901",
            "546477",
            "454937",
            "2460446",
            "454937",
            "862",
            "2460446",
            "19936",
            "2119079",
            "4162872",
            "5670777",
            "1928943",
            "430096",
            "2580842",
            "331515",
            "9717308",
            "3669827",
            "1454169",
            "4868276",
            "408682",
            "238994",
            "16664182"
        ],
        "title": [
            "33 HANDY EVERYDAY LIFE HACKS || Genius DIY Ideas For Cleaning, Organization, Glue Gun And Slime",
            "23 SMART LIFE HACKS FOR EVERY OCCASION",
            "25 COOL LIFE HACKS FOR EVERY OCCASION",
            "Best Life Hacks with Watermelon",
            "BEST 100 LIFE HACKS! Smart Parenting Hacks, Crafts & Food Ideas by 5-Minute Crafts",
            "22 Simple Life Hacks for Every Occasion",
            "POP IT! 23 Cool Parenting Life Hacks For New Moms And Dads",
            "DOLLS AT SCHOOL FOR 24 HOURS! CUTE LIFE HACKS || DIY Funny Easy Crafts! Amazing Ideas By 123GO! BOYS",
            "POP IT! COLORFUL DIYs and COOL HACKS FOR EVERYONE",
            "SMART Life Saving Hacks Every Girl Should Know | World's Best Life Hacks",
            "GENIUS FOOD HACKS AND FUNNY TRICKS || DIY Food Tips and Life Hacks! Funny Situations by 123 GO! FOOD",
            "19 Life Hacks for Dealing with a Cast/ How to Survive a Cast",
            "28 GENIUS LIFE HACKS FOR EVERYDAY SITUATIONS",
            "SUPER LAZY LIFE HACKS || Funny And Smart Hacks For Lazy People by 123 GO!",
            "18 SMART LIFE HACKS FOR EVERY OCCASION || Creative 3D Pen Ideas by 5-Minute Crafts",
            "Trying Dumb Life Hacks To See If They Work",
            "24 Unglaubliche Life Hacks, die das Leben so viel einfacher machen",
            "HOW TO SNEAK FOOD ANYWHERE || Cool Food Hacks, Pranks and Tricks by 123 GO!",
            "100 BEST LIFE HACKS OF ALL TIME",
            "Genius Food Hacks That Will Save You a Ton Of Money || Useful Kitchen Hacks You Must Try!",
            "SUPER LAZY LIFE HACKS || Crazy Hacks For Lazy People That Work Great",
            "AWESOME LIFE HACKS THAT WILL SAVE YOU A FORTUNE || Cool Tricks And DIYs by 123 Go! Genius",
            "24 Incredible Life Hacks That Will Make Your Day-To-Day Way Easier!",
            "GENIUS LIFE HACKS THAT WORK MAGIC! || Useful Tips And Tricks By 123 GO! GOLD",
            "IF FOOD WERE PEOPLE || Funny Food Situations And Crazy Food Hacks by 123 GO Like!",
            "HOW TO SNEAK FOOD ANYWHERE || Life hacks and tricks for foodies by 123 Go! GENIUS",
            "23 SMART LIFE HACKS FOR ANY OCCASION",
            "USEFUL LIFE HACKS THAT WILL SAVE YOU A FORTUNE! || Genius Tips And DIYs by 123 Go! Genius",
            "IF FOOD WERE PEOPLE! FUNNY FOOD TRICKS || DIY Crazy Life Hacks And Food Situations By 123 GO! BOYS",
            "30 UNEXPECTED LIFE HACKS TO IMPROVE YOUR LIFE",
            "30 ULTIMATE FOOD HACKS",
            "6 Life Hack Tip in 60 second short video #shorts",
            "Popular Tik-Tok Food Hacks You'll Want to Try || Smart Food Tricks That Will Simplify Your Life!",
            "WEDDING HACKS || Couple Transformation and DIY Jewelry for The Most Special Day of Your Life",
            "FUNNY LIFE HACKS TO OVERCOME EVERYDAY FAILS! || Useful Hacks And Tricks by 123 Go! Gold",
            "Ultimate Food Hacks Compilation",
            "If Objects Were People! || IF POP IT WAS a PERSON!",
            "100+ GREATEST Hacks with Hot Glue and 3D Pens",
            "WE TESTED VIRAL LIFE HACKS PART PATA NAHI KA PART 3 | Rimorav Vlogs",
            "13 Stupid Life Hacks That We Deserve",
            "Rich Jail vs Broke Jail / Stupid Life Hacks in Prison",
            "CLOTHES LIFE HACKS TO BECOME POPULAR AT SCHOOL! Girls DIY Outfit and Crafts Ideas by Mr Degree",
            "IF MAKEUP WERE PEOPLE! AMAZING LIFE HACKS || Funny Situations At School! DIY Tricks By 123 GO! BOYS",
            "So shiny! The most effective way to clean burnt pan | Life hacks battle",
            "Best life hacks",
            "Genius Hacks That Will Save You a Fortune || Useful Life Hacks For Clumsy People!",
            "GENIUS HACKS TO MAKE YOUR LIFE EASIER || Beauty, clothes, school, kitchen tricks by 123 Go! GENIUS",
            "Minecraft LIFE HACKS you Need to know Pt.13!!!",
            "27 SURPRISING LIFE HACKS FOR ALL OCCASIONS",
            "9 Smart Hacks and Ideas for Parents! Priceless Hacks for Parents!",
            "FUNNY LIFE HACKS TO MAKE YOUR LIFE EASIER! || Useful Tips And DIY Ideas by 123 Go! Gold",
            "Random Tips And Life Hacks I Found On TikTok | Part 19 | Hot Tik Tok 2021",
            "8 Life Saving Hacks - Rich vs Normal | Anaysa",
            "Life Hacks w OnlyJayus - #Shorts",
            "Best Makeup Transformations 2021 | New Makeup Tutorials | DIY Makeup Tutorial Life Hacks for Girls",
            "LIFE HACKS Genshin Impact",
            "3D PEN CRAFTS || Cool DIYs And Life Hacks",
            "29 SUMMER LIFE HACKS || TikTok Trends And Viral Hacks You Will Enjoy",
            "BRILLIANT LIFE HACKS YOU SHOULD TRY || 123 GO! SCHOOL Hacks and Funny Tricks To Make Life Better",
            "18 Smart Hacks and Ideas for Parents! Priceless Hacks for Parents",
            "WE TESTED VIRAL TikTok LIFE HACKS || Awesome Hacks And Tricks That Actually Work By 123 GO!",
            "Os Life Hacks conseguem ser piores a cada dia",
            "I Tested Viral Tik-Tok Life Hacks To See If They Work",
            "FOOD PRANKS AND COOL FOOD HACKS! || Funny Pranks Ideas by 123 Go! LIVE Livestream 24/7",
            "FUN RAINBOW SCHOOL SUPPLIES! Clever DIY Ideas | School Life Hacks by Crafty Panda",
            "WE TESTED VIRAL TikTok LIFE HACKS TO SEE IF THEY WORK || Crazy DIY Food Tricks by 123 GO! FOOD",
            "26 BEST LIFE HACKS || Cool 3D Pen Crafts and Parenting Ideas Of All Time",
            "SIMPLY CLEVER FOOD HACKS FOR EVERYDAY LIFE! || How To Solve Any Food Trouble with 123 Go! GOLD",
            "15 Clever Ways to Upcycle Everything Around You!! Recycling Life Hacks and DIY Crafts by Blossom",
            "COOL FOOD HACKS || Easy Food Ideas And Life Hacks by 123 GO!",
            "WEIRDEST 5 Minute Crafts, Troom Troom Life Hacks",
            "AMAZING FOOD TRICKS || Viral Food Hacks and Yummy DIY Ideas For Foodies by 123 GO! FOOD",
            "FRIEND VS CRUSH || Funny Date Life Hacks || Avocado Couple",
            "POP IT! CAMPING HACKS & SURVIVAL TIPS YOU NEED TO KNOW",
            "Minecraft LIFE HACKS you Need to know Pt.14!!!",
            "29 PARENTING HACKS AND GADGETS || Cool life hacks and funny ideas for parents",
            "Testing Out Viral Microwave Food Hacks By 5 Minute Crafts |Viral Food Hacks |  Yashita Rai",
            "Amazing Life Hacks Fishing big fish",
            "5 Minutes Craft Troll | Life Hacks Troll | Tamil | Rakesh & Jeni",
            "Life Hacks That Will Improve Your 2021",
            "Most Useless Life Hacks Ft @Triggered Insaan | Khaby Lame | Est Entertainment",
            "LIFE HACKS 2021 ! | Manos",
            "Best Tik Tok Life Hacks 2021 | Life Hacks You Wish You Knew Sooner Compilation",
            "38 Kitchen Hacks That Will Change Your Life || DIY Tools And Gadgets For Your Kitchen!",
            "25 AMAZING FOOD HACKS FOR THE WHOLE FAMILY",
            "100 CRAZY HACKS AND COOLEST CHALLENGES FOR 24 HOURS || Sneaking Food! Rich VS Broke By 123 GO! BOYS",
            "15 Smart Hacks and Ideas for Parents! Priceless Hacks for Parents",
            "26 BUDGET CLOTHING LIFE HACKS",
            "Trying Tik Tok Life Hacks to see if they work",
            "12 SMART PARENTING HACKS! Easy Tricks for Clever Parents by Crafty Panda",
            "COOL FOOD HACKS AND FUNNY TRICKS || DIY Giant Chips! Best Viral TikTok Food Tricks by 123 GO! FOOD",
            "Weird troom troom and 5 minute crafts  life  hacks/Superior shishir",
            "Easy Camping Tricks, Outdoor Hacks And Backyard Crafts You'll Be Grateful For",
            "Brand New Life of your OLD CLOTHES! Clothing hacks and tricks to upgrade your looks",
            "3D PEN vs HOT GLUE | Cool Life Hacks For Craft Lovers",
            "Brand New Life of your OLD CLOTHES! Clothing hacks and tricks to upgrade your looks",
            "Life Hacks: A Better Way to Live - The Tweet That Changed the World | Menlo Online | June 6",
            "3D PEN vs HOT GLUE | Cool Life Hacks For Craft Lovers",
            "Best Makeup Transformations 2021 | New Makeup Tutorials | DIY Makeup Tutorial Life Hacks for Girls",
            "Pregnant Movie Theatre! Pregnancy Hacks and Funny Situations!",
            "IF FOOD WERE PEOPLE #2 || Best Tiktok Food Hacks by 123 Go! LIVE",
            "3 SIMPLE LIFE HACKS",
            "Brilliant Everyday Hacks To Make Your Life Easier",
            "25 New Organizing Hacks That Will Improve Your Life || Useful Storage Tips by 5-Minute DECOR!",
            "SMART PARENTING LIFE AND HACKS || Clever Ideas And Funny Situations By 5-Minute Crafts",
            "Testing *Viral Food Hacks* by 5 Minute Crafts with Siblings | Viral Easy Recipes",
            "SMART FAST FOOD HACKS || Cool Food Hacks We Found On Tik Tok by 123 GO!",
            "YOU ARE WHAT YOU EAT! || Yummy Food Hacks By 123 Go Like!",
            "TESTING THE FUNNIEST \"5 MINUTE CRAFTS\" LIFE HACKS",
            "12 Funny Pranks and Life Hacks with Crayons!",
            "100 LAYERS FOOD CHALLENGE || Best Challenges & Food Hacks for 24 Hours by Kaboom!",
            "How to make Pavlova cake to get free food - cooking life hack with Boris",
            "33 Useful Life Hacks For Smart PARENTS"
        ]
    }
}