{
    "keyboard": {
        "clickbait_avg_views": 1435407.2173913044,
        "noclickbait_avg_views": 2709292.6,
        "clickbait_noclickbait_avg_ratio": 0.5298088576299601,
        "clickbait_per_video": 0.24731182795698925,
        "video_counts": 93,
        "clickbait_video_count": 23,
        "noclclickbait_video_count": 70,
        "total_views": 222664848,
        "clickbait_views": 33014366,
        "noclclickbait_views": 189650482,
        "result": [
            false,
            false,
            false,
            false,
            true,
            true,
            false,
            false,
            false,
            true,
            false,
            false,
            false,
            false,
            false,
            false,
            false,
            false,
            false,
            false,
            false,
            false,
            false,
            true,
            false,
            false,
            false,
            false,
            false,
            false,
            false,
            true,
            true,
            false,
            false,
            false,
            false,
            false,
            false,
            true,
            false,
            false,
            true,
            false,
            false,
            false,
            false,
            false,
            false,
            false,
            true,
            false,
            false,
            true,
            true,
            true,
            false,
            true,
            false,
            false,
            false,
            false,
            false,
            false,
            true,
            false,
            false,
            true,
            true,
            false,
            true,
            false,
            false,
            false,
            false,
            false,
            false,
            false,
            true,
            true,
            false,
            false,
            false,
            false,
            true,
            false,
            false,
            false,
            false,
            false,
            true,
            true,
            true
        ],
        "view": [
            "312868",
            "1862683",
            "11447696",
            "1462021",
            "4909527",
            "267016",
            "20076339",
            "84778",
            "222615",
            "2278283",
            "7253220",
            "2736408",
            "1310624",
            "3248",
            "613577",
            "882225",
            "3465024",
            "636279",
            "3733014",
            "806190",
            "486918",
            "436884",
            "845487",
            "687361",
            "24822",
            "9906918",
            "17178601",
            "227768",
            "700257",
            "6672681",
            "548578",
            "22602",
            "3919618",
            "110461",
            "271273",
            "343370",
            "21157915",
            "1054601",
            "9502320",
            "2063803",
            "15944",
            "71232",
            "20844",
            "3171",
            "17594",
            "2612225",
            "2612225",
            "2423304",
            "179980",
            "22310",
            "294696",
            "57519",
            "449269",
            "1895",
            "11443068",
            "102226",
            "901218",
            "1404883",
            "329729",
            "34893",
            "501538",
            "985",
            "16181105",
            "3206",
            "3538886",
            "752634",
            "480381",
            "121232",
            "28914",
            "10267",
            "1098598",
            "32753",
            "18499",
            "305115",
            "3793299",
            "246561",
            "580941",
            "2438",
            "259922",
            "153237",
            "13505",
            "2801334",
            "2768975",
            "908539",
            "59674",
            "16320294",
            "294821",
            "3962",
            "6091488",
            "1429566",
            "90306",
            "240419",
            "7356"
        ],
        "title": [
            "Best Keyboards for Programming 2021",
            "YouTube Kalimba - Play on YouTube with computer keyboard",
            "YouTube Piano - Play It With Your Computer Keyboard",
            "Top 5 Gaming Keyboards of 2020!",
            "The BEST Keyboards Under $75!",
            "How I Type INSANELY Fast (160 WPM) - The Best Keyboards for Fast Typing",
            "32 Secret Combinations on Your Keyboard",
            "A $600 Custom Keyboard That Isn't Mechanical",
            "My sister's keyboard broke, so I built her a new one",
            "I found the PERFECT keyboard",
            "The Making of Tfue's $3500 Custom Luxury Mechanical Keyboard",
            "I Surprised TommyInnit With A Custom Keyboard...",
            "Why Get a Mechanical Keyboard?",
            "Best Keyboard Drummer- Battles Yohan Kim!",
            "Top 5 Budget Mechanical Keyboards 2021",
            "I Modded The Pewdiepie Keyboard...",
            "I Bought The Pewdiepie Keyboard...",
            "Top 10 Best Gaming Keyboards of 2020!",
            "$10 Keyboard vs $100 Keyboard Challenge! - Fortnite",
            "The Making of My $850 Custom Mechanical Keyboard!",
            "I upgraded a $23 keyboard",
            "Basic Keyboard Lessons in Tamil | Class 1 | Tamil keyboard Tutorial",
            "The Most Popular Keyboard On Amazon",
            "I WON WITH BUGHA'S KEYBOARD!! - Fortnite Battle Royale",
            "They gave me 10 switches to build a keyboard. - GK68XS Review",
            "#freefire, #gaming keyboard, How to play pc keyboard, and mobile, free fire",
            "Become Keyboard Master With These 20 Useful Computer Keyboard Shortcut Keys",
            "The Making of my $550 Custom Mechanical Keyboard!",
            "GMMK Pro Review: A New Era for Mechanical Keyboards?",
            "World's most expensive keyboard for Fortnite?!",
            "I Bought This Keyboard For $1000",
            "IZ*ONE Theme Mechanical Keyboard [KPOP Mech EP04]",
            "POM Jelly Keycaps by Escape Keyboard | Keycaps Comparison & Typing Sounds",
            "A Beginner Hot-swap Keyboard | IQUNIX A80/L80 Review and Upgrade",
            "HyperX Alloy Origins 60 Gaming Keyboard + HyperX Pudding Keycaps Unboxing - ASMR",
            "I upgraded a $35 keyboard",
            "Keyboard crasher's lunch",
            "I bought this poor mechanical keyboard from Kmart",
            "The World's Ugliest Keyboard",
            "KEYBOARD vs CONTROLLER!",
            "Logitech Combo Touch vs Magic Keyboard Full Comparison",
            "I Built a $50 Budget Custom Keyboard",
            "ROBLOX Tower Of Misery but it's KEYBOARD ASMR! | #2",
            "7 Useful Spotify Keyboard Shortcuts",
            "What is Keyboard? full Explanation | Learn Coding",
            "I used a split keyboard for 30 days",
            "I used a split keyboard for 30 days",
            "Upgrading a $50 Keyboard",
            "Razer Goes 65%!  BlackWidow V3 Mini HyperSpeed Keyboard Review!",
            "High Elimination Solo Squad Win Aggressive Gameplay Full Game (Fortnite PC Keyboard)",
            "ASMR RAINBOW KEYBOARD CHOCOLATE KOHAKUTOU JELLY NOODLES BASKIN ROBBINS ICECREAM NIK-L-NIP MACARON",
            "Keyboard Lesson in Sinhala - Lesson 01 | (Keyboard Vadanaya)",
            "How To type bangla with Bijoy Bangla keyboard.How To Write Bangla by Bijoy 52 Keyboard",
            "ROG Falchion Wireless Gaming Keyboard Review",
            "I Tried a Keyboard FOR KIDS and WON - Fortnite",
            "How to Choose the RIGHT Keyboard Size (60%, 65%, TKL, 100%)",
            "You Don't Need Anything Else!! Xiaomi Wireless Keyboard, Mouse & More...",
            "BROKE vs PRO Fortnite Setup! - Bugha Five Below Mouse & Keyboard!",
            "$150 Budget Hotswap Custom Keyboard - Idobao ID80 V1",
            "Keyboard + Mouse Sounds ASMR | Hypixel Bedwars",
            "I built a mechanical keyboard into a macbook",
            "1k Pesos Outemu Keyboard Gigaware G1000b Mechanical Keyboard Review (tagalog)",
            "Learn To Play Piano Instantly: #1 Beginning Training (Pro Shortcuts)",
            "TKC Portico Review - Good Keyboard, Bad Vendor - (The Key Dot Co Mechanical Keyboard)",
            "Which Mechanical Keyboard Switches are BEST? Blind Test!",
            "ASMR ... Keyboards Like Never Before ... No Talking ...",
            "What are Mechanical Keyboards? Mechanical Keyboard Vs Membrane Keyboard",
            "Razer Wants HOW MUCH for this Keyboard!?",
            "THE GK61 - The Entry Keyboard that COULD!  O-Ring Mod+ for SOUND and Feel",
            "Keyboard + Mouse ASMR Sounds (Handcam) | Hypixel Bedwars",
            "Wireless Keyboard Prank HACK on Morgz Playing Among Us...",
            "8 Minutes of Streamers Smashing their Keyboards V35",
            "Keyboard & Mouse ASMR (Handcam) | Hypixel Bedwars",
            "Best 65% Mechanical Keyboards of 2020",
            "$8 To $700 Keyboard Sound",
            "How to Change Font Style in Any Android Device | Stylish keyboard for android | Stylish fonts",
            "Building my own $800 Custom Mechanical Keyboard",
            "I Built a Carbon Fiber Keyboard Case",
            "The ASUS ROG Falchion 65% Keyboard is CRAZY",
            "KBD67 Lite Review - The ULTIMATE Budget Custom Keyboard?",
            "The $1000 Zero Two Custom Mechanical Keyboard",
            "Easy Happy Birthday Keyboard and Piano Tutorial (Right Hand)",
            "how to play free fire use keyboard and mouse connect for mobile|haijul743",
            "I found the Perfect Keyboard for programming (170 wpm typing speed)",
            "MY NEW KEYBOARD!!",
            "Patriotic Chicken Playing \"America the Beautiful\" on Keyboard Piano",
            "Cat Randomly Walks on Keyboard Then Bites Owner Hand as He Tries to Pet Him",
            "S3E7 Make an Unique Cool Keyboard --- Innovation & Implementation",
            "Best Keyboard Player in INDIA | #GOLDSMTH",
            "How to Play Keyboard/Piano Fast, Music Lesson 1",
            "Reacting to YOUR Custom Keyboards 4!",
            "This keyboard has great CONTROL! - ASUS Scope RX",
            "2021 HOW TO Get NEW MOD keyboard sinhala 2021| new phone keyboard 2021 in sinhala | NIPUN TECH"
        ]
    }
}