{
    "undertale": {
        "clickbait_avg_views": 2661188.888888889,
        "noclickbait_avg_views": 8735620.212121213,
        "clickbait_noclickbait_avg_ratio": 0.30463651398172337,
        "clickbait_per_video": 0.21428571428571427,
        "video_counts": 84,
        "clickbait_video_count": 18,
        "noclclickbait_video_count": 66,
        "total_views": 624452334,
        "clickbait_views": 47901400,
        "noclclickbait_views": 576550934,
        "result": [
            false,
            false,
            false,
            false,
            false,
            false,
            false,
            false,
            true,
            false,
            false,
            false,
            true,
            false,
            false,
            true,
            false,
            false,
            false,
            false,
            true,
            false,
            false,
            false,
            false,
            true,
            false,
            false,
            true,
            false,
            false,
            false,
            false,
            true,
            false,
            false,
            false,
            true,
            false,
            false,
            false,
            false,
            false,
            false,
            false,
            false,
            false,
            false,
            false,
            true,
            false,
            false,
            false,
            false,
            false,
            true,
            false,
            false,
            false,
            true,
            false,
            true,
            false,
            false,
            true,
            false,
            true,
            true,
            false,
            true,
            false,
            false,
            false,
            false,
            false,
            false,
            true,
            false,
            false,
            true,
            false,
            false,
            false,
            false
        ],
        "view": [
            "4737678",
            "6112961",
            "65491333",
            "3080935",
            "85759650",
            "29667090",
            "9441005",
            "15033805",
            "5967010",
            "2759608",
            "3380588",
            "1445300",
            "820278",
            "40791716",
            "58907916",
            "3864640",
            "104294275",
            "829523",
            "4551",
            "648882",
            "1334836",
            "1577948",
            "5425",
            "8128979",
            "65309",
            "4522007",
            "7305946",
            "1610",
            "3173289",
            "28983",
            "32962923",
            "3139",
            "65713",
            "4555550",
            "7839",
            "11762368",
            "91",
            "1151438",
            "403710",
            "265516",
            "171699",
            "1473745",
            "308162",
            "14984",
            "53739",
            "43049",
            "13598959",
            "29986",
            "2047680",
            "3523640",
            "4262",
            "8708360",
            "13148688",
            "1002980",
            "924917",
            "5108363",
            "188867",
            "6474887",
            "250722",
            "5717367",
            "7250252",
            "1353886",
            "938384",
            "952",
            "1142",
            "6236053",
            "773791",
            "1768323",
            "4180",
            "344",
            "3598",
            "4965018",
            "494694",
            "6974910",
            "33732",
            "1454681",
            "2983375",
            "684164",
            "19121",
            "1282121",
            "377869",
            "3693004",
            "1181",
            "1140"
        ],
        "title": [
            "UNDERTALE 5th Anniversary Concert",
            "Undertale - All Bosses & Endings",
            "Undertale - Megalovania",
            "What The Internet did To Undertale",
            "a beautiful day - UNDERTALE Animation",
            "[Undertale] Sans' boss fight - Genocide Run",
            "UNDERTALE - Part 1 (Full Series)",
            "Undertale OST: 071 - Undertale",
            "UNDERTALE THE MOVIE | EnchantedMob Music Video Compilation",
            "Undertale - Full Pacifist Playthrough - No Commentary",
            "Undertale- fallen down (slowed+reverb) one hour version",
            "The Complete Undertale Timeline - Pacifist | The Leaderboard",
            "SO I MET SANS in GENOCIDE Undertale. (& HE IS MAD.)",
            "Undertale - Ultra-Sans Fight (Fan-made)",
            "Stronger Than You - Chara Response (Undertale Animation Parody)",
            "UNDERTALE AU FIGHTING! animation",
            "Sans and Papyrus Song - An Undertale Rap by JT Music \"To The Bone\" [SFM]",
            "The Undertale Iceberg Explained - A Deep Dive",
            "Canon!Underswap Sans Fight | UNDERTALE Fangame | kerem_king9's Take",
            "Undertale Full OST/soundtrack",
            "[April Fools] NEW Gaster Easter Egg found on Xbox One Undertale",
            "[Friday Night Funkin] Undertale Week 6 (Mod By LiterallyNoOne)",
            "The Last Run - Prologue A (SMX Vs Sans 2) | Undertale StickNodes Animation",
            "Undertale: Flowey Boss",
            "Monsters VS Humans in UNDERTALE Power Levels",
            "SANS vs FRISK | UNDERTALE - AMONG US CUP SONG  #41",
            "Undertale in a Nutshell",
            "undertale deku part 2 // texting story //",
            "UNDERTALE vs. FNAF! - Fazbear and Friends SHORTS #1-12 Compilation",
            "What your undertale: judgement day main says about you!",
            "Undertale - Megalovania (Oscar Santos EDM Remix 2019)",
            "AU Sans react undertale reaction to undertale react cursed images",
            "Undertale Last Breath Remastered | Full Storyline & OST",
            "UGH - TANKSANS (Week 7 Animation as UNDERTALE)",
            "20 Undertale AU Animation Meme Compilation #64",
            "Undertale - No Hit Sans",
            "UNDERTAle???!!",
            "MIMPI BURUK TERBESARMU! Melawan SANS - Undertale",
            "UNDERTALE Xbox One Announce Trailer",
            "BlogTheGreatRouge - The Blight on The Undertale Fandom",
            "La LOCURA de CHARA da MIEDO - Friday Night Funkin VS Chara [UNDERTALE] FNF Mods",
            "(VF FANDUB) Papyrus trouve un humain (Undertale)",
            "Tiles Hop - Friday Night Funkin South VS Undertale - Megalovania | V Gamer",
            "Undertale reacts to: Sans Vs Flowey",
            "undertale react to sans (funny videos/sans vs Jevil) part 3",
            "Mettaton Tile Puzzle Time! | Undertale Pacifist Run",
            "Undertale OST: 100 - Megalovania",
            "Undertale React To Last Breath Sans Part 4",
            "Sans, Papyrus & Frisk's Snowball Fight Goes Wrong... (Undertale Comic & Animation Dubs)",
            "The TRUE POWER of UNDERTALE Souls! | The SCIENCE!...of Undertale",
            "[Scratch] Other version Dustebelief Trio Phase1 battle! [undertale fangame]",
            "UNDERTALE - Flowey Boss Fight secret Easter Eggs! (Without saving)",
            "All Undertale Boss Theme songs and Pre Themes",
            "Ask Mercy Parte 1 - Undertale Comic Dublado",
            "The undertale pacifist route in a NUtShEll",
            "Among Us - OUT - Animation - EP12 | Undertale Sans",
            "Undertale Animations Are Down Bad...",
            "UNDERTALE",
            "Horribly Translated Undertale",
            "Underpants - INTRO (HAPPY BDAY UNDERTALE)",
            "If Undertale was Realistic (Funny Animation)",
            "Desenhando FRISK em diferente estilos ( UNDERTALE )",
            "How Undertale Was Made and Why its Success Scared The Creator",
            "undertale recciona a (parte 4)",
            "Everything Black MEP || OPEN!!! || 14/22 || Nightmare Sans Undertale AU MEP || #NMEverythingBlackMEP",
            "Game Theory: The Tragedy of Deltarune (Undertale)",
            "FOOLHARDY - ZARDYSANS (FnF Animation as UNDERTALE)",
            "6 Amazing UNDERTALE (SANS) Paper Craft and Doodles for FANS",
            "Undertale reacts to: Sans VS. Jevil",
            "Making an UNDERTALE BATTLE in Obby Creator! | Roblox | superJ",
            "Underswap Distrust Phase 2 | UNDERTALE Fangame | RHFinal's Take",
            "Undertale Gaster Secrets",
            "Undertale Boys vs Girls singing battle glmv",
            "\"This is UNDERTALE\" - 1-Hour Full Orchestral Medley",
            "overlord reacts to ainz's brother(dust sans) (overlord x undertale) part 2",
            "Speedrunner VS 4 Hunters in Undertale | Dream Fight phase 1 (Authorized Repost)",
            "BAD TIME TRIO No Hit | UNDERTALE Fangame",
            "Cerita Sebenarnya dibalik Game UNDERTALE | Alur cerita Undertale lengkap semua Ending.",
            "Xx_Fresh_xX Time Trio Phase 1 and Phase 2 Demo | UNDERTALE Fangame | PD_ZF's Take",
            "Desenhando SANS em diferente estilos ( UNDERTALE )",
            "Friday Night Funkin' - Sans VS Boyfriend (Undertale Edition) [FNF MOD/Hard]",
            "Undertale:Sans VS Chara",
            "Undertale reacts to? +new outro (dussic)",
            "Undertale react to SANS.MP4"
        ]
    }
}