{
    "vsauce": {
        "clickbait_avg_views": 7526352.555555556,
        "noclickbait_avg_views": 11415980.509615384,
        "clickbait_noclickbait_avg_ratio": 0.6592821833583462,
        "clickbait_per_video": 0.07964601769911504,
        "video_counts": 113,
        "clickbait_video_count": 9,
        "noclclickbait_video_count": 104,
        "total_views": 1254999146,
        "clickbait_views": 67737173,
        "noclclickbait_views": 1187261973,
        "result": [
            false,
            false,
            false,
            false,
            true,
            false,
            false,
            false,
            false,
            false,
            false,
            false,
            false,
            false,
            false,
            false,
            false,
            false,
            false,
            false,
            false,
            false,
            false,
            false,
            false,
            false,
            false,
            false,
            false,
            false,
            false,
            false,
            false,
            false,
            false,
            false,
            false,
            false,
            false,
            false,
            true,
            false,
            false,
            true,
            false,
            false,
            false,
            false,
            false,
            false,
            false,
            false,
            false,
            false,
            true,
            false,
            false,
            true,
            false,
            false,
            false,
            false,
            false,
            false,
            false,
            false,
            false,
            false,
            false,
            false,
            false,
            false,
            false,
            false,
            false,
            false,
            false,
            false,
            false,
            false,
            true,
            false,
            false,
            false,
            false,
            false,
            true,
            false,
            false,
            false,
            false,
            false,
            false,
            false,
            false,
            false,
            false,
            false,
            true,
            false,
            false,
            false,
            false,
            true,
            false,
            false,
            false,
            false,
            false,
            false,
            false,
            false,
            false
        ],
        "view": [
            "4355344",
            "10641851",
            "14230757",
            "21330588",
            "7763101",
            "16831571",
            "19732861",
            "14298393",
            "13322435",
            "11939497",
            "12117609",
            "20794615",
            "24524376",
            "25314395",
            "18650698",
            "8883073",
            "9167750",
            "8421971",
            "8635067",
            "27212775",
            "12090556",
            "10887201",
            "17807068",
            "29376049",
            "15017415",
            "24411850",
            "17597059",
            "13967583",
            "9960948",
            "8089369",
            "9702571",
            "16599121",
            "11498032",
            "16273376",
            "14938567",
            "11337049",
            "17569569",
            "12695257",
            "7193190",
            "16698064",
            "13034399",
            "9406856",
            "6876632",
            "7863117",
            "30765",
            "3272466",
            "10349199",
            "11184932",
            "16960415",
            "17907658",
            "20921639",
            "6992121",
            "12293057",
            "4494322",
            "11965838",
            "11456801",
            "16028452",
            "10929378",
            "15168491",
            "2986528",
            "1574386",
            "17806843",
            "4522150",
            "23083898",
            "9093608",
            "20487042",
            "16269543",
            "10026922",
            "8581072",
            "9819665",
            "12808896",
            "1275347",
            "5975115",
            "12276913",
            "26087080",
            "4809319",
            "19212111",
            "1639572",
            "6129557",
            "8142963",
            "5780031",
            "8303362",
            "10975539",
            "17612181",
            "14771903",
            "34332336",
            "118215",
            "308808",
            "389234",
            "14239762",
            "793",
            "290412",
            "3751398",
            "13445170",
            "6929654",
            "10894759",
            "6337863",
            "8647182",
            "5329238",
            "702065",
            "4117924",
            "7769990",
            "2165127",
            "4953856",
            "7564659",
            "1977742",
            "7192694",
            "7524263",
            "777368",
            "7659112",
            "1488",
            "8150743",
            "10360586"
        ],
        "title": [
            "The Future Of Reasoning",
            "Illusions of Time",
            "Did The Past Really Happen?",
            "What's The Most Dangerous Place on Earth?",
            "Vsauce Answers the 100 Most Googled Questions | WIRED",
            "Is Anything Real?",
            "Why Are Things Creepy?",
            "Is The 5-Second Rule True?",
            "What Does Human Taste Like?",
            "The Napkin Ring Problem",
            "What Is The Earth Worth?",
            "The Zipf Mystery",
            "Spooky Coincidences?",
            "Is Your Red The Same as My Red?",
            "What Is The Speed of Dark?",
            "Why Do We Dream?",
            "What is Random?",
            "Misnomers",
            "What Is Consciousness?",
            "What Will We Miss?",
            "Human Extinction",
            "Our Narrow Slice",
            "Why Are Bad Words Bad?",
            "Isolation - Mind Field (Ep 1)",
            "Where Do Deleted Files Go?",
            "How Earth Moves",
            "What If The Earth Stopped Spinning?",
            "The Brachistochrone",
            "Why Do We Get Bored?",
            "Juvenoia",
            "How Many Holes Does a Human Have?",
            "What's The Brightest Thing In the Universe?",
            "Supertasks",
            "Cruel Bombs",
            "What if You Were Born in Space?",
            "How Old Can We Get?",
            "How To Count Past Infinity",
            "When Will We Run Out Of Names?",
            "How Many Things Are There?",
            "What Color Is A Mirror?",
            "INSIDE a Spherical Mirror",
            "Why Don't We Taxidermy Humans?",
            "The Odd Number Rule",
            "Could You Survive BACK TO THE FUTURE?",
            "HasanAbi reacts to The Future Of Reasoning by Vsauce",
            "The Sydney Opera House Illusion",
            "DISTORTIONS",
            "You Don't Type Alone.",
            "How People Disappear",
            "What If The Sun Disappeared?",
            "This Is Not Yellow",
            "We Are All Related",
            "Why Do We Wear Clothes?",
            "Adam Savage and Vsauce's Michael Stevens Build a Kendama!",
            "SCIENCE! What is the Rarest Precious Metal?",
            "The Science of Awkwardness",
            "The Cognitive Tradeoff Hypothesis",
            "SPACE STRAW",
            "If",
            "The Dot Game That Breaks Your Brain",
            "How To Build A Rollback Can",
            "How Hot Can It Get?",
            "Why Is Yawning Contagious?",
            "Which Way Is Down?",
            "What Is The Scariest Thing?",
            "Messages For The Future",
            "1,2,3,4,5,6,7,8,9,10,11,12,13,14,15,16,17,18,19,20,21,22,23,24,25,26,27,28,29,30,31,32,33,34,35...",
            "Why Don't We All Have Cancer?",
            "Dord.",
            "Spinning",
            "Are We Ready For Aliens?",
            "Magnetic Zen Garden #shorts",
            "The Leaning Tower of Lire",
            "What Is The Resolution Of The Eye?",
            "How High Can We Build?",
            "How Much Does The Internet Weigh?",
            "Guns in Space",
            "The Easiest Problem Everyone Gets Wrong",
            "The Moon Terminator Illusion",
            "Would Headlights Work at Light Speed?",
            "LONELY.",
            "Why Do We Have Two Nostrils?",
            "Math Magic",
            "How Big Can a Person Get?",
            "Moving Illusions",
            "What If Everyone JUMPED At Once?",
            "VSAUCE, MICHAEL HERE! - Piano Tutorial",
            "Hey Vsauce, Michael Here (Remix)",
            "Vsauce Unplugged!",
            "Will We Ever Run Out of New Music?",
            "VSauce Michael saying \"this is unfortunate\" to a banana that has fallen on the ground.",
            "Hikaru's Daily Dose of Laughter with Vsauce",
            "What if You Were Fus Ro Dah'd?",
            "What Does Earth Look Like?",
            "Why Do We Feel Nostalgia?",
            "The Science of the Friend Zone",
            "Is Cereal Soup?",
            "Showing My Desk to Adam Savage",
            "What is NOT Random?",
            "Your Life Is 7 Objects",
            "A Game You Can Never Win",
            "Risk.",
            "The Infinite Money Paradox",
            "STOPPED CLOCK ILLUSION",
            "Names",
            "The Missing Dollar Riddle",
            "Alzheimer's and the Brain",
            "Why Are We Morbidly Curious?",
            "Vsauce Goes Insane on Joe Rogans Podcast",
            "How Much Does Thor's Hammer Weigh?",
            "Reacting to How Many Holes Does a Human Have? Vsauce",
            "Fixed Points",
            "How Much Money is There on Earth?"
        ]
    }
}