{
    "new computer": {
        "clickbait_avg_views": 1740388.4285714286,
        "noclickbait_avg_views": 598776.7435897436,
        "clickbait_noclickbait_avg_ratio": 2.9065731880927372,
        "clickbait_per_video": 0.15217391304347827,
        "video_counts": 92,
        "clickbait_video_count": 14,
        "noclclickbait_video_count": 78,
        "total_views": 71070024,
        "clickbait_views": 24365438,
        "noclclickbait_views": 46704586,
        "result": [
            true,
            false,
            false,
            false,
            false,
            true,
            false,
            false,
            false,
            true,
            false,
            true,
            false,
            true,
            false,
            false,
            false,
            true,
            false,
            false,
            false,
            false,
            false,
            false,
            false,
            false,
            false,
            false,
            false,
            false,
            false,
            false,
            false,
            false,
            false,
            false,
            false,
            true,
            false,
            false,
            false,
            false,
            false,
            false,
            false,
            false,
            false,
            false,
            false,
            false,
            false,
            false,
            false,
            true,
            true,
            false,
            false,
            false,
            false,
            false,
            true,
            false,
            true,
            false,
            false,
            false,
            false,
            true,
            false,
            false,
            false,
            false,
            false,
            false,
            false,
            false,
            false,
            false,
            true,
            false,
            false,
            false,
            false,
            false,
            false,
            false,
            false,
            false,
            false,
            true,
            false,
            false
        ],
        "view": [
            "8476902",
            "166486",
            "249618",
            "117726",
            "3215329",
            "2766111",
            "2513237",
            "48754",
            "5603658",
            "4326392",
            "5835880",
            "51423",
            "16785",
            "63976",
            "681117",
            "1547",
            "457488",
            "1412658",
            "1416163",
            "44345",
            "4572",
            "79268",
            "463151",
            "1185700",
            "162555",
            "4382",
            "2587814",
            "428521",
            "22643",
            "1491323",
            "54166",
            "834655",
            "101897",
            "103992",
            "372507",
            "207986",
            "1653511",
            "2927862",
            "32274",
            "183204",
            "74257",
            "91601",
            "248219",
            "411909",
            "3934",
            "18313",
            "429810",
            "712105",
            "429810",
            "322374",
            "416540",
            "238406",
            "109044",
            "50447",
            "50876",
            "828988",
            "264636",
            "10887",
            "690617",
            "194404",
            "1769578",
            "5422449",
            "957405",
            "487268",
            "7637",
            "71261",
            "26990",
            "588730",
            "178577",
            "18082",
            "29478",
            "93559",
            "15496",
            "82228",
            "65080",
            "15177",
            "14661",
            "215863",
            "42850",
            "12875",
            "89190",
            "1320955",
            "101875",
            "29241",
            "1730492",
            "394854",
            "71619",
            "48288",
            "212483",
            "880228",
            "98481",
            "12319"
        ],
        "title": [
            "Guide: What to do AFTER building your computer...",
            "UnBoxing Brand New Computer | Configuration + Pricing",
            "5 New All in One PC in 2021 |  Best AIO Pc",
            "Setting Up Your New Computer Safely",
            "How To Set Up a New PC!",
            "Dell Vostro Desktop Unboxing | Dell Vostro  3470 Unboxing | LT HUB",
            "Building my new Gaming PC for 2021 (High-end)",
            "What to look for when buying a new Computer (Beginners guide)",
            "First 5 Things to Do with a New PC Build",
            "We made the SLOWEST BRAND NEW PC!",
            "Windows 98 20th Anniversary All New PC Build",
            "How to Install Windows 10 on your NEW PC! (And how to activate it)",
            "Don't buy a new computer - create a Virtual Machine in Azure Cloud instead",
            "10 Best NEW PC Games To Play in June 2021",
            "Lenovo V530 Desktop Unboxing | Lenovo V530-15ICB Unboxing",
            "The First Eight Things to Do with Your New Computer",
            "Computer Setup Kaise Karen | How To Connect CPU,Monitor,Keyboard,Mouse and UPS Step By Step in Hindi",
            "Top 35 NEW PC Games of 2021",
            "[Com] Baldis New Computer | Baldis Basics SFM Animation",
            "Stanford Seminar - The Soul of a New Machine: Rethinking the Computer",
            "Museum Launches New Computer Science Program for Girls",
            "How to Transfer Data From Old to New Computers : How to Transfer Data From Old to New Computers",
            "Easy Transfer of Programs and Files to New PC, Windows 10",
            "Chromebook: The (always) new computer",
            "The Computer Chronicles - Buying a New Computer (1993)",
            "How to transfer files to your new PC or Mac",
            "Minecraft VS My New PC",
            "Can you move a Windows 10 SSD to a new PC? - Probing Paul #40",
            "SS3 Installing Silhouette Studio on a new computer - August 5, 2015",
            "How to test your new PC parts",
            "How to Transfer Information From a Backup Device to My New Computer : Computer Files & Data",
            "3 More Things To Do with a New Computer",
            "How to Transfer Your Windows 10 License to Another Computer",
            "How to Copy Your Games From one Computer to Another - Uplay, Steam, Epic Games & Origin Launchers",
            "How To Transfer Files From An Old PC To A New PC",
            "Asus New All In One Windows PC AiO V241 Overview",
            "cyberbullying children with my new computer",
            "LET'S SMILE JOKE - NAYA COMPUTER || FUNNY GAMING COMEDY",
            "How to Transfer Microsoft Office to Another PC",
            "Buying a new pc",
            "How To Move Lightroom From one Computer to Another",
            "How to Migrate Your Data From an Old Computer to a New One",
            "How To Add a New Computer to Windows 2003 Server Domain",
            "How to Install Windows 7 New Computer in Hindi - Learn Step By Step",
            "How to Buy a New Computer 2020 | Computer Buying Guide | Laptop or PC Which is Best | User Category",
            "Installing FL Studio on a New Computer",
            "How to Set Up a New PC for Gaming and Streaming in 2020",
            "How to Buy a New Computer Tips in Hindi - PC Buying Guide",
            "How to Set Up a New PC for Gaming and Streaming in 2020",
            "How to set up a new computer for the first time",
            "How to Transfer MS Office to a New Computer",
            "What to Install On Your New Gaming PC + Audience Favorites",
            "Transfer Windows 10 License to Another Computer",
            "NEW COMPUTER built for MUSIC PRODUCTION and VIDEO EDITING 2020",
            "EASY way to transfer your ITUNES LIBRARY to another computer",
            "10 Free Programs You Need on Your New PC!",
            "CNET Top 5 - Reasons not to buy a new computer",
            "12 COOLEST PC ACCESSORIES & GADGETS | New Computer Gadgets Under Rs299, Rs999, Rs9999",
            "How to transfer iTunes library to a New computer Free & Easy",
            "Top 9 Must Have Apps & Software for Your New Windows Computer in 2020 | Guiding Tech",
            "Girlfriend needs a new computer NOW (it's bad)",
            "10 important Computer Tricks Every Computer User Must Know",
            "NEW computer in 1995!!! $3000",
            "New PC? Settings You Should Change After Installing Windows 10",
            "My new computer is dead!  ...or is it?",
            "How to Link Dropbox to a New Computer",
            "Reinstall a computer with Pioneer Rekordbox | move recordbox database to another computer",
            "Hidden Figures | \"New Computer\" Clip [HD] | 20th Century FOX",
            "How to make and assemble New computer | New Pc Build  step by step In Hindi | Best Budget Gaming Pc",
            "Move Steam Games to a New Computer!",
            "New Computer Won't Start!",
            "New pc no monitor signal fix",
            "ProPresenter Tutorial:  Moving your files to a new computer",
            "Move a pst to a new computer",
            "How to Transfer the TRAKTOR Collection, Playlists and Settings from one Computer to Another",
            "How To Choose a New Computer",
            "New Computer!",
            "Fastest way to move Steam games from one PC to another",
            "BUYING A NEW COMPUTER FROM LAMINGTON ROAD MUMBAI",
            "My new computer won't start. Here's how to fix it!",
            "Things New Computer Science Students Need to Know",
            "Bad Computer - New Dawn [Monstercat Release]",
            "Transfer your Data From an Old Computer to a New One",
            "Transferring MS Office Files to a New Computer",
            "Benjyfishy New Computer Gaming Setup - Fortnite - June 2020",
            "How to Install Windows on new PC in 7 Easy steps with EasyPCbuilder! HD Windows 10 Windows 7",
            "Internet Explorer Tutorial - How To Transfer Your Favorites To Another PC",
            "My New Custom Gaming PC Won't Power On",
            "Transferring Information from One Computer to Another Computer Using Windows Easy Transfer | HP",
            "The Demolition Ranch Ridiculous New Gaming Computer! TWITCH!!!!!",
            "How to Install Windows 10 on a New PC",
            "Stanford Seminar - New Golden Age for Computer Architecture"
        ]
    }
}