{
    "how to exit vim": {
        "clickbait_avg_views": 7876.925925925926,
        "noclickbait_avg_views": 30316.455555555556,
        "clickbait_noclickbait_avg_ratio": 0.25982344510859096,
        "clickbait_per_video": 0.23076923076923078,
        "video_counts": 117,
        "clickbait_video_count": 27,
        "noclclickbait_video_count": 90,
        "total_views": 2941158,
        "clickbait_views": 212677,
        "noclclickbait_views": 2728481,
        "result": [
            true,
            false,
            true,
            false,
            false,
            false,
            false,
            false,
            false,
            false,
            false,
            false,
            false,
            false,
            true,
            true,
            true,
            true,
            true,
            false,
            false,
            true,
            false,
            false,
            false,
            false,
            false,
            false,
            false,
            false,
            false,
            true,
            false,
            true,
            false,
            false,
            false,
            false,
            false,
            false,
            false,
            true,
            false,
            false,
            false,
            true,
            true,
            true,
            true,
            false,
            false,
            true,
            false,
            false,
            false,
            false,
            false,
            false,
            false,
            false,
            false,
            false,
            false,
            true,
            false,
            false,
            true,
            false,
            false,
            false,
            false,
            true,
            false,
            false,
            false,
            true,
            false,
            false,
            true,
            false,
            false,
            false,
            false,
            true,
            false,
            false,
            false,
            true,
            false,
            true,
            false,
            false,
            false,
            false,
            false,
            false,
            false,
            false,
            false,
            false,
            false,
            false,
            false,
            false,
            true,
            false,
            false,
            true,
            false,
            false,
            false,
            false,
            false,
            false,
            false,
            true,
            false
        ],
        "view": [
            "12863",
            "62212",
            "1157",
            "5409",
            "11602",
            "971",
            "18039",
            "18446",
            "70",
            "10898",
            "176",
            "31086",
            "9",
            "40",
            "198",
            "181",
            "683",
            "279",
            "779",
            "6554",
            "62",
            "164",
            "24",
            "10",
            "13",
            "186",
            "688",
            "100",
            "1722",
            "263",
            "3420",
            "56",
            "1054",
            "86",
            "14097",
            "18",
            "746",
            "229",
            "4",
            "66",
            "291",
            "38",
            "16",
            "7",
            "181",
            "114",
            "4373",
            "5",
            "5",
            "5266",
            "43",
            "198",
            "49",
            "21",
            "6554",
            "392",
            "21",
            "2",
            "863",
            "929",
            "27",
            "296",
            "273",
            "884",
            "12",
            "357717",
            "11",
            "43",
            "291",
            "19",
            "11024",
            "92",
            "142",
            "29305",
            "1300",
            "5572",
            "76060",
            "14422",
            "118752",
            "528",
            "27",
            "183100",
            "237806",
            "4409",
            "313243",
            "9",
            "0",
            "198",
            "16591",
            "55321",
            "14430",
            "264",
            "589102",
            "65",
            "1876",
            "606",
            "235",
            "2668",
            "136924",
            "606",
            "27",
            "0",
            "21327",
            "1968",
            "198",
            "202573",
            "264",
            "5047",
            "11199",
            "65",
            "235",
            "259557",
            "2668",
            "1503",
            "35215",
            "1014",
            "20"
        ],
        "title": [
            "How to exit VIM in 60 seconds!",
            "vim Tutorial 1 - open, quit vim, save and quit without saving ...",
            "THIS IS HOW TO EXIT VIM | VIM tutorial for total newbies",
            "Vi Vim Beginner Lesson 1: Open Save Quit",
            "Vim Tutorial - How to Open Save Quit from a File",
            "How to exit vim like a hacker",
            "How to *really* exit vim",
            "Use & Exit Vim (The Text Editor Every Hacker Should Be Familiar With) [Tutorial]",
            "HYVD #31 How to exit the Vim editor on Raspberry Pi",
            "Trapped Inside Of Vim? Drastic Methods Are Sometimes Required!",
            "How to Exit Vim - Step by step tutorial (Part 1 of 2) (Working 2017)",
            "Vim Exit% Speedrun [WR - 2.50:13]",
            "Vim: How to exit",
            "How to exit vim!",
            "HOW TO EXIT VIM exit vi ed & quit vim editor for unix linux osx macs why to use them for it support",
            "How to exit VIM editor, ez no sweat, gg - PART 2",
            "VIM for Chris. (How to exit, yeah, not a joke)",
            "How to exit VIM editor, ez no sweat, gg",
            "VIM - How to Save and Exit VIM  (vi) ?",
            "Insert mode in vi / vim (vi for beginners Part 5)",
            "How to Exit Vim",
            "HOW TO EXIT VIM",
            "Tutorial how to exit vi, vim or neovim editor",
            "How to exit Vim",
            "How To Exit Vim - A Free Workshop",
            "How to exit vim in Linux Mint",
            "How to exit vim in Bash",
            "Vim in 10 Minutes: How to exit Vim",
            "How to exit vim in Linux",
            "How to exit the Vi / Vim editor?",
            "How to exit vim in Ubuntu",
            "How to exit VIM ?",
            "How to exit the vim editor?",
            "coding tutorial: how to exit VIM",
            "Vim Text Editor Basics - How to Use Vim on Linux / Mac / Unix (Beginners Guide on Ubuntu 20.04)",
            "How to exit Vim",
            "Exit Vim - Three ways to quit vim including with and without saving",
            "vi | vim | Command Line Editor | Code Malayalam",
            "How to exit Vim",
            "How to exit Vim the easy way",
            "Vim Basics in 5 mins in Hindi | Save and Exit | Hindi Tutorial | Mayank Khanna",
            "VIM Editor save and quit",
            "How to exit vim in lubuntu",
            "How do I exit the Vim Editor??",
            "Vim Series #0 - The Basics | Enter and Exit Vim | Shell Text Editor | The Skinny Coder | Vim | Unix",
            "#1 Create, Edit and Exit/Quit in VIM",
            "How To Create, Edit, Save & Close with VIM",
            "How to exit VIM and get back to 'normal' terminal? (2 Solutions!!)",
            "How to exit VIM editor?)",
            "Vim: Recording Mode",
            "How to exit vim in Gentoo Linux",
            "HOW TO EXIT VIM exit vi ed & quit vim editor for unix linux osx macs why to use them for it support",
            "Command Line: Scripting & Vim",
            "How to Edit Text Using Vim and Nano",
            "Insert mode in vi / vim (vi for beginners Part 5)",
            "Getting Started Vim [On Raspberry Pi Linux]",
            "How do I exit the Vim editor?     git comment",
            "How to exit Vim editor? #shorts",
            "Save Vim - Learn vim save and quit with four vim commands",
            "How to exit vim in Linux Shell terminal",
            "Vim tutorial: Episode 2: Exiting Vim",
            "Survival Vim - 002 - Get In & Get Out",
            "Vim Editor - Understanding & Use",
            "Why do I exit VIM to run commands",
            "Vim baby steps | How to exit vim ?",
            "Vim Basics in 8 Minutes",
            "ISRD.com - 12-18-20 | Quickly Save & Exit VIM With THIS Hotkey... Instead of \"ESC+wq!\"",
            "how to exit vim",
            "Exiting Vim",
            "Howto exit vim?",
            "how to quit vim ..fast",
            "Learn VIM Basics",
            "How to exit vim in Redhat",
            "Vim: Tutorial on Customization and Configuration (2020)",
            "Different ways to start Vim to enhance your workflow - Vim Tips (4)",
            "Intro to VIM / VI Editor with Basic Commands",
            "How to Use Vim - Tutorial",
            "Linux - Vim",
            "Vim Diesel's OFFICIAL Vimtutor Let's Play/Commentary! (1 HOUR+ Special)",
            "Programmer Tries to Exit Vim for first time",
            "How to exit vim in Kubuntu",
            "The Vim Tutorial - Part One - Basic Commands",
            "Vim Tutorial",
            "How to use VIM in Windows Through CMD (Command Prompt)",
            "Why I'm Switching Text Editor To Vim",
            "How to exit Vim",
            "How to exit help in vim? (6 Solutions!!)",
            "001 - How to quit VIM easily? | VIM Editor",
            "Understanding Vi and Vim (Vi IMproved) in 10 Minutes",
            "Two Simple Steps to go from IDE to Vim",
            "Vim (24) Split-Windows",
            "Top 5: Five incorrect ways to exit Vim, Getting started with Go, and more",
            "How to Do 90% of What Plugins Do (With Just Vim)",
            "How to Quit Vim ?",
            "My Vim Configuration in less than 100 lines | Vim | Neovim | Plugins",
            "Vim Text Editor for Beginners",
            "How to use vim editor in Centos/Rhel/Fedora Linux distributions.",
            "Arch Linux Monthly Install - 06.2021 - Sway",
            "Why Vim?",
            "Vim Text Editor for Beginners",
            "How to exit vim in Kubuntu",
            "How to exit help in vim? (6 Solutions!!)",
            "Learn Vim: Exiting, Movement, Insert mode, Basic Editing",
            "Vim crashed and now I get an error message!!!!",
            "001 - How to quit VIM easily? | VIM Editor",
            "Vim in 100 Seconds",
            "Top 5: Five incorrect ways to exit Vim, Getting started with Go, and more",
            "How to use VIM (Advanced)",
            "Vim: Let's Play VimTutor! (Part 1)",
            "How to Quit Vim ?",
            "How to use vim editor in Centos/Rhel/Fedora Linux distributions.",
            "Lecture 3: Editors (vim) (2020)",
            "Arch Linux Monthly Install - 06.2021 - Sway",
            "Vim Tutorial for Beginners",
            "Setting Up Vim to Work with Python Applications",
            "15- File editor in CentOS 7 ? How to use NANO | VI | VIM in Hindi",
            "How to exit vim"
        ]
    }
}