{
    "ltt": {
        "clickbait_avg_views": 1267203.157142857,
        "noclickbait_avg_views": 2051422.4473684211,
        "clickbait_noclickbait_avg_ratio": 0.6177192604909019,
        "clickbait_per_video": 0.6481481481481481,
        "video_counts": 108,
        "clickbait_video_count": 70,
        "noclclickbait_video_count": 38,
        "total_views": 166658274,
        "clickbait_views": 88704221,
        "noclclickbait_views": 77954053,
        "result": [
            true,
            false,
            true,
            false,
            true,
            false,
            true,
            true,
            true,
            false,
            true,
            true,
            false,
            true,
            true,
            false,
            true,
            true,
            true,
            false,
            false,
            false,
            false,
            false,
            true,
            false,
            true,
            true,
            false,
            true,
            true,
            true,
            false,
            true,
            false,
            false,
            true,
            false,
            false,
            true,
            true,
            true,
            true,
            true,
            false,
            false,
            true,
            false,
            true,
            true,
            false,
            true,
            true,
            true,
            false,
            true,
            false,
            true,
            true,
            true,
            true,
            false,
            true,
            true,
            true,
            false,
            true,
            true,
            true,
            false,
            true,
            false,
            true,
            false,
            false,
            true,
            true,
            true,
            false,
            true,
            true,
            true,
            true,
            true,
            true,
            true,
            false,
            true,
            true,
            false,
            true,
            false,
            false,
            true,
            false,
            true,
            true,
            false,
            true,
            true,
            false,
            true,
            true,
            true,
            true,
            true,
            true,
            true
        ],
        "view": [
            "737710",
            "1476733",
            "870704",
            "1085772",
            "1152426",
            "1907124",
            "2086574",
            "348168",
            "195587",
            "1695257",
            "1944981",
            "1310202",
            "2495443",
            "1198225",
            "38411",
            "861824",
            "1455402",
            "2411232",
            "2799236",
            "2058786",
            "1629305",
            "2676940",
            "1454643",
            "1827079",
            "116459",
            "11101382",
            "63312",
            "33211",
            "1921410",
            "1905016",
            "105321",
            "2950513",
            "763518",
            "3127093",
            "1847204",
            "2066081",
            "182079",
            "4065480",
            "2752568",
            "2862859",
            "158201",
            "2574739",
            "75508",
            "105835",
            "1917427",
            "1952819",
            "364676",
            "1917427",
            "1431953",
            "182079",
            "1262202",
            "2955024",
            "1410284",
            "289583",
            "1393940",
            "154828",
            "2077800",
            "4235683",
            "313993",
            "1355188",
            "5183605",
            "995097",
            "1490608",
            "1396860",
            "2346017",
            "759703",
            "153485",
            "261661",
            "171212",
            "1521694",
            "58996",
            "2192696",
            "769675",
            "1601021",
            "2168728",
            "204541",
            "48607",
            "1566066",
            "3246488",
            "294488",
            "340139",
            "198087",
            "66708",
            "1547099",
            "4328797",
            "54795",
            "1834100",
            "124336",
            "807643",
            "1811917",
            "107958",
            "1778729",
            "1366401",
            "3810909",
            "1577513",
            "295485",
            "461643",
            "1534206",
            "257773",
            "13158347",
            "1357596",
            "103276",
            "1361394",
            "371629",
            "171669",
            "135035",
            "282057",
            "3271326"
        ],
        "title": [
            "Finally Revealing my BIG SECRET",
            "It's Time to Disappear Cables",
            "Running a YouTube Business is EASY (just kidding)",
            "Should I Take NVIDIA Back?",
            "I Would NOT Want to be Intel Right Now........",
            "Android 12 is here and I like it",
            "You blew your budget on WHAT?? - Intel $5,000 Extreme Tech Upgrade",
            "Addressing my Bad Take on RTX 3080 Ti - WAN Show Jun 4, 2021",
            "LTT Nerf War : Special Missions SEAL X Warriors Nerf Guns Fight Dr Ken Crazy Hunt Down The Gangs",
            "What Happens if you Water Cool an Air Cooler?",
            "I Ordered a FAKE Ryzen 5 3600 from Best Buy",
            "I REALLY Wanted to Try Mini LED... and it's GREAT!",
            "Building A $10,000 PC for ROBLOX",
            "I Swear this is NOT a TV....",
            "LTT Game Nerf War : Warriors SEAL X Nerf Guns Fight Rocket Crazy Crime Of Betraying Team",
            "Upgrading Your Cheap Streaming Setup",
            "Building a PC with my Wife was a MISTAKE",
            "The Fastest Gaming PC... Is THIS BIG???",
            "The Jankiest EXTREME Gaming Setup - Intel $5,000 Extreme Tech Upgrade",
            "Our First Build Together in YEARS! - Luke Personal Rig Update 2021",
            "Is RTX a Total Waste of Money??",
            "This Epic Studio Tour Almost Killed Me!!",
            "I am Holding a PC - Dell Optiplex 7070 Ultra",
            "Don't wait for the Switch Pro, Buy This Today!",
            "LTT Nerf War : SEAL X Warriors High Sniper Skills Nerf Guns Fight Dr Ken Crazy Criminal Hunt",
            "Who has the Best PC at LTT??",
            "LTT Game Nerf War : Warriors SEAL X Nerf Guns Fight Rocket Crazy Brutal Assassination Gang",
            "LTT Game Nerf War : Warriors SEAL X Nerf Guns Fight Group Rocket Crazy Prisoner Robber",
            "Unboxing Counterfeit LTT Merch!",
            "Wife PC Upgrade NIGHTMARE",
            "LTT Game Nerf War : Warriors SEAL X Nerf Guns Fight Rocket Crazy Great War Zone Tycoon Mansion",
            "Roasting Your WORST Setups",
            "The Awesome Cooler You Can Actually Afford",
            "The MOST AVERAGE Gaming PC",
            "Can Intel Beat the Ultimate AMD Gaming PC?",
            "You Don't Need a Graphics Card!",
            "LTT Nerf War : SEAL X Warriors Nerf Guns Fight Dr Ken Crazy Secret Spy Dangerous Criminal Group",
            "I turned my Diamond Play Button into a Gaming PC",
            "I broke my camera man's bed! - Intel $5,000 Extreme Tech Upgrade",
            "I Was RIGHT!!!! (and I hate it) - Semiconductor Shortage Explained",
            "LTT Nerf War : SEAL X Warriors Nerf Guns Fight Dr Ken Crazy Breaking Down Wanted Criminals",
            "LTT Nerf War : Police Patrol SEAL X Warriors Nerf Guns Fight Dr Ken Crazy Mortal Kombat",
            "LTT Game Nerf War : Villa Detective Warriors SEAL X Nerf Guns Fight Rocket Crazy Assailant",
            "LTT Game Nerf War : Perfect Police Duo | Warriors SEAL X Nerf Guns Fight Rocket Crazy Avenger",
            "We need Action - Right to Repair Explained",
            "Linus Reads Mean Comments 2021",
            "LTT Nerf War : SEAL X  Warriors Nerf Guns Sniper Skills Fight Villa Gang Dr Ken Crazy Group",
            "We need Action - Right to Repair Explained",
            "ULTIMATE RGB PC Build Guide 2021",
            "LTT Nerf War : SEAL X Warriors Nerf Guns Fight Dr Ken Crazy Secret Spy Dangerous Criminal Group",
            "How Motherboards Work - Turbo Nerd Edition",
            "Maybe Building Your Own PC is a BAD Idea",
            "My EASIEST PC Build In Years!",
            "LTT Nerf War : Infiltrate Darkness Couple SEAL X Warriors Nerf Guns Fight Crime Dr Ken Crazy",
            "Our Craziest Cooling Project Yet",
            "LTT Nerf War : SEAL X Warriors Nerf Guns Fight Terrorist Squad Destroyer Dr Ken Crazy",
            "Gaming on a $60,000 Computer - Liqid Badger Den",
            "The ULTIMATE $20,000 Desk PC",
            "LTT Nerf War : Captain SEAL X Warriors Nerf Guns Fight Dr Ken Crazy Bandits Radio in VILLA",
            "The ULTIMATE gaming bed",
            "Dennis WASTED His Money - Intel $5,000 Extreme Tech Upgrade",
            "I can't believe this is a computer - Apple iMac 2021",
            "Wait THIS is a GAMING PC??",
            "HUGE PC upgrade... in a Van!",
            "Apple made a BIG mistake - M1 MacBooks Review",
            "Why Does Google Think I Need This?",
            "LTT Game Nerf War : Warriors SEAL X Nerf Guns Fight Criminal Group Rocket Crazy Rival Crime Hunter",
            "LTT Nerf War : Crime Hunter SEAL X Warriors Nerf Guns Fight Crime Dr Ken Crazy Dangerous People",
            "LTT Nerf War : Elite Soldier Captain SEAL X Warriors Nerf Guns Fight Dr Ken Crazy Victory Day",
            "I Built an All AMD Mini PC!",
            "LTT Game Nerf War : SQUAD Warriors SEAL X Nerf Guns Fight Rocket Crazy Street Gang Of Armed Robbers",
            "It's time to break up.",
            "LTT Nerf War : The Bounty Hunter SEAL X Warriors Nerf Guns Fight Group Dr Ken Crazy Bandits Carrier",
            "AMD 6700XT Announcement!",
            "Why does Apple hate the Macbook Air?? - Spring Loaded event reaction",
            "LTT Nerf War : Shadow Police SEAL X Warriors Nerf Guns Fight Gang Crime Dr Ken Crazy",
            "LTT Game Nerf War : Warriors SEAL X Nerf Guns Fight Rocket Crazy Great War Rescue Boss",
            "I'm selling GPUs BELOW MSRP!",
            "Gaming on STARLINK!!",
            "LTT Nerf War : Special Missions SEAL X  Nerf Guns Fight Dr Ken Crazy Destroy The Criminal Group",
            "LTT Nerf War : Squad SEAL X  Warriors Nerf Guns Fight Dr Ken Crazy Group Attack Enemy Base",
            "LTT Game Nerf War : Warriors SEAL X Nerf Guns Fight Rocket Crazy Wanted Criminal Hunting Squad",
            "LTT Game Nerf War : Game Of Life And Death | Warriors SEAL X Nerf Guns Fight Rocket Crazy",
            "How far will Intel GO? - 11th-gen Core Review",
            "We made the SLOWEST BRAND NEW PC!",
            "LTT Game Nerf War : Warriors SEAL X Nerf Guns Fight Rocket Crazy Crime Sweep Campaign",
            "Fixing My $10,000 Mistake - Whonnock 3 Deployment",
            "LTT Game Nerf War : Deep Jungle Battle Warriors SEAL X Nerf Guns Fight Rocket Crazy",
            "LTT Game Nerf War : Couple Warriors SEAL X Skill Nerf Guns Go Swimming In Villa Fight Rocket Crazy",
            "The Problem with Kickstarters... - Eve Spectrum Monitor First Look",
            "LTT Game Nerf War : Marines Warriors SEAL X Nerf Guns Fight Wanted Criminal Group Extravagant",
            "Linus Plays the LTT Theme Song in Beat Saber!",
            "Are Hard Drives Still Worth It?",
            "Can static KILL your PC? (ft. Electroboom)",
            "Face it, Apple. You lost. - Sensel Force Haptic Touchpad",
            "LTT Nerf War : Police Patrol SEAL X Warriors Nerf Guns Fight Dr Ken Crazy Tourist Thief",
            "LTT Nerf War : SEAL X Warriors Nerf Guns Fight Crime Dr Ken Crazy Happiness Destroyer",
            "This Tiny PC SHREDS!",
            "LTT Nerf War : Captain SEAL X Warriors Nerf Guns Fight Dr Ken Crazy Battle In The Dark",
            "LTT Nerf Mod : Special War Nerf Guns Battle Skill Mod Shooter Laser Of SEAL X",
            "7 Years Late is Better than Never. - Nvidia GPU Passthrough",
            "LTT Game Nerf War : Couple Warriors SEAL X Fight BOSS Crime Rocket Crazy Destroy Enemy's Lair",
            "NVIDIA, this is NOT ok! - EKWB Active Backplates",
            "LTT Nerf War : SEAL X Warriors Nerf Guns Go Swimming Fight Dr Ken Crazy Trespassing Lyly Villa",
            "LTT Game Nerf War : Warriors SEAL X Nerf Guns Fight Rocket Crazy Gang Of Thieves Of Advanced Weapons",
            "LTT Game Nerf War : Patrol Police Duo Warriors SEAL X Nerf Guns Fight Rocket Crazy Crime",
            "LTT Nerf War : Captain SEAL X Warriors Nerf Guns Fight The Bad Guys Dr Ken Crazy Bandits",
            "LTT Nerf War : Couple SEAL X Warriors Nerf Guns Fight Group Of Intruding Thieves Dr.Lee Crazy"
        ]
    }
}