{
    "tech": {
        "clickbait_avg_views": 1644403.857142857,
        "noclickbait_avg_views": 961870.56,
        "clickbait_noclickbait_avg_ratio": 1.7095895492870234,
        "clickbait_per_video": 0.27184466019417475,
        "video_counts": 103,
        "clickbait_video_count": 28,
        "noclclickbait_video_count": 75,
        "total_views": 118183600,
        "clickbait_views": 46043308,
        "noclclickbait_views": 72140292,
        "result": [
            true,
            false,
            false,
            false,
            false,
            false,
            true,
            false,
            false,
            false,
            false,
            false,
            true,
            true,
            false,
            true,
            false,
            false,
            false,
            false,
            false,
            false,
            false,
            true,
            false,
            true,
            true,
            false,
            true,
            false,
            true,
            false,
            true,
            true,
            false,
            false,
            false,
            false,
            false,
            true,
            true,
            false,
            false,
            false,
            false,
            false,
            true,
            false,
            false,
            true,
            false,
            false,
            false,
            false,
            false,
            true,
            false,
            true,
            false,
            false,
            false,
            false,
            true,
            false,
            true,
            false,
            false,
            false,
            false,
            false,
            false,
            false,
            false,
            false,
            true,
            false,
            true,
            false,
            false,
            false,
            false,
            false,
            false,
            false,
            true,
            false,
            false,
            false,
            true,
            false,
            false,
            false,
            false,
            false,
            false,
            false,
            false,
            false,
            true,
            true,
            true,
            false,
            true
        ],
        "view": [
            "787799",
            "17802",
            "52061",
            "201969",
            "2232841",
            "173569",
            "6486661",
            "44985",
            "3600778",
            "396516",
            "1500286",
            "132421",
            "75379",
            "2345697",
            "326714",
            "119850",
            "251889",
            "4575142",
            "647891",
            "1247975",
            "1010251",
            "267760",
            "44995",
            "499177",
            "42341",
            "1616059",
            "62369",
            "216272",
            "812115",
            "3157012",
            "5901213",
            "33669",
            "63331",
            "110075",
            "360368",
            "36413",
            "3034648",
            "7745",
            "4439864",
            "123460",
            "1390987",
            "9625",
            "244776",
            "244776",
            "59779",
            "1405122",
            "3553",
            "212632",
            "919829",
            "21746",
            "21950",
            "246905",
            "406814",
            "1908036",
            "53642",
            "865125",
            "1193844",
            "385761",
            "1696082",
            "344904",
            "553937",
            "973147",
            "350344",
            "301057",
            "872284",
            "65359",
            "586545",
            "1545425",
            "1670198",
            "102065",
            "3536792",
            "1086786",
            "632713",
            "6641077",
            "2287369",
            "321776",
            "1002790",
            "156388",
            "364868",
            "71567",
            "264965",
            "13113398",
            "69179",
            "209376",
            "7578305",
            "69179",
            "209376",
            "79818",
            "7578305",
            "419885",
            "14853",
            "698927",
            "45802",
            "90309",
            "245021",
            "173567",
            "349580",
            "10136",
            "1913766",
            "315864",
            "1153571",
            "444328",
            "1320353"
        ],
        "title": [
            "Finally Revealing my BIG SECRET",
            "Massive $2,500 Wish and Amazon Mystery Tech Unboxing!!",
            "24\" M1 iMac Ultimate Review after 2 Weeks of use..",
            "Cool Tech Under $50 - June!",
            "I bought the SMALLEST Tech in the world.",
            "Cool Tech Under $50 - June",
            "21 HORRIFIC Tech Fails they want you to forget.",
            "12 Coolest Gadgets That Are Worth Buying",
            "2021 Tech I'm Ready For!",
            "Why Millennials Are Leaving Six-Figure Tech Jobs",
            "It's Time to Disappear Cables",
            "Tech Week: Za czym kolejka ta stoi?",
            "INCREDIBLE INVENTIONS THAT ARE ON AN ENTIRELY NEW LEVEL",
            "Talking Tech and AI with Google CEO Sundar Pichai!",
            "My Favorite (& Crazy) Tech of the Month - May!",
            "$50 Tech You NEED in 2021!",
            "The Tech Survival Kit 4.0 (Must Have!)",
            "Tech House Mix - August 2019 (#HumanMusic)",
            "Cool Tech Under $50 - May!",
            "This New Tech is Instant Cool...",
            "Best CES 2021 Smart Home Tech: 20 Awesome Gadgets",
            "The Difference Between Teams' Power Units | F1 TV Tech Talk | 2021 Azerbaijan Grand Prix",
            "Is The XC Bike The New Enduro Bike? | GMBN Tech Show Ep. 178",
            "Modern Apartment Tech UPGRADE Tour (2021)",
            "Chai with Tech | iPhone 13 Render , iPad with wireless charging | ( 22 ) 5/06/2021",
            "MSI Product Launch 2021 - TECH MEETS AESTHETIC | MSI",
            "ELON DUMPS BITCOIN AGAIN!!! $20,000 OR $40,000 NEXT - Ivan on Tech Explains",
            "My Home Tech Tour (2021)",
            "iBOUGHT iCARLY TECH IN REAL LIFE",
            "Inside China's High-Tech Dystopia",
            "MIX TECH HOUSE 2020 #8 (Camelphat, Torren Foot, Cardi B, Pax, Muus, Kevin McKay...)",
            "Is This The World's Fastest Skinsuit? | GCN Tech Show Ep.180",
            "TANK WITHOUT A TURRET, INGENIOUS MILITARY TECH SOLUTIONS",
            "$100 Tech You NEED in 2021!",
            "Tech Talks #1457 - BGMI Esports Tournament, OnePlus Crypto, Satellite Internet, Drone Delivery India",
            "Dixon Tech Q4 FY21 Results - 6 Point Analysis",
            "Talking Tech and Holograms with Mark Zuckerberg!",
            "Indiana State vs Georgia Tech | Nashville Regional Opening Round | 2021 College Baseball Highlights",
            "How Hong Kong Protesters Evade Surveillance With Tech | WSJ",
            "NEW MacBook Pro 14 & 16 (2021) - FINAL Leaks & Rumors!",
            "This Wish Tech is a SCAM.",
            "Chai with Tech | Realme Edition | ( 23 ) 07/06/2021",
            "My Favorite Everyday Tech!",
            "My Favorite Everyday Tech!",
            "Swapping A Twin Turbo EcoBoost V6 Into The '55 F100 - Truck Tech S2, E1",
            "Our Favorite Tech - Show and Tell",
            "House & Tech DJ Set 2021 with LIVE LOOPING.",
            "Tech N9ne - Kickiter (feat. Shao Dow) | Official Music Video",
            "Why Arizona Is Becoming A Hotbed For Tech",
            "10 COOLEST GADGETS YOU CAN BUY ON AMAZON",
            "What is Bitcoin and Bitcoin Mining-Easy Explanation (Malayalam) | Mr Perfect Tech",
            "My Tech Everyday Carry 2021 (EDC)",
            "My Massive Tech Unboxing 39.0!",
            "Android 12 is here and I like it",
            "GCN Tech's Ultimate Guide To Bike Wheels | Which Is Right For You?",
            "Ultimate PS5 DualSense MYSTERY TECH",
            "Realme X7 Max Unboxing and Quick Look - Paisa Wasool ?",
            "Battlegrounds Mobile India Launch Date?,OnePlus Nord CE Coming,POCO F3 GT Launch,4G Under 4K#TTN1049",
            "What Happens if you Water Cool an Air Cooler?",
            "Tech Talks #1461 - BGMI Vs PUBG, Juhi Chawla 5G Case, Twitter Last Notice, M21 Prime, Jio Phone 5G",
            "Tech Decoupling: China's Race to End Its Reliance on the U.S. | WSJ",
            "Retro Tech: Smart Homes",
            "Addressing my Bad Take on RTX 3080 Ti - WAN Show Jun 4, 2021",
            "Cool Tech Under $25 - May",
            "Running a YouTube Business is EASY (just kidding)",
            "Poco X3 GT - Next Flagship Killer? (Malayalam) | Mr Perfect Tech",
            "Cool Tech Under $50 - April!",
            "Cool Tech Under $50 For Your Setup - March",
            "Can This Rs 20,000 Robot be my New Best friend?",
            "Ryan and Emily: Pentagon Psyop DISMISSES Alien Tech",
            "Talking Tech and 2020 with Bill Gates!",
            "Should I Take NVIDIA Back?",
            "Cool Tech Under $50 - February!",
            "Dope Tech: The iPad Pro Killer?!",
            "Dope Tech: The Fastest Drone AND Car Yet!",
            "Tech N9ne x HU$H - Let Lost Happen | Official Music Video",
            "I wasted $1000 on MYSTERY TECH!",
            "Bill Gates Is Selling Out Of Tech Stocks & The Reasons Behind It Are Frightening",
            "Tech Talks #1456 - BGMI File Size & Requirements, Twitter Verified, DIZO Jio 5G, iQoo Z3, Pixel 6Pro",
            "High-tech greenhouse boom in China after food shortages during Covid-19 lockdowns",
            "The Flexi-Wing Showdown In Baku | F1 TV Tech Talk | 2021 Azerbaijan Grand Prix",
            "Talking Tech with Elon Musk!",
            "Tech It Out: Huawei's homegrown Android rival explained",
            "Is This The Future Of Drivetrain Tech? | GCN Tech Show ep.178",
            "NF - TRUST (Audio) ft. Tech N9ne",
            "Tech It Out: Huawei's homegrown Android rival explained",
            "Is This The Future Of Drivetrain Tech? | GCN Tech Show ep.178",
            "Intelligence officials say UFOs are not U.S. tech., New York Times reports",
            "NF - TRUST (Audio) ft. Tech N9ne",
            "This Is Gamers Paradise! - Massive Tech Unboxing #49",
            "New Locker Tech - Dead by Daylight",
            "Retro Tech: Robots",
            "Apple MagSafe Actually is Not Safe For Heart || Tech 307",
            "Scru Face Jean feat. Tech N9ne - Antisocial (Official Music Video)",
            "Kevin Durant and Marcus Smart each got a tech for this exchange",
            "iPhone 13 - my CRAZIEST exclusive leak yet!? Maybe...",
            "Tech Talks #1458 - BGMI Beta Update, Realme 5G Under 7500Rs, JioPhone 3 Launch, iPhone 13, WWDC",
            "G7 ministers target tech giants for tax",
            "FAKE vs REAL Wish Tech Challenge",
            "Tech Talks #1460 - BGMI New Teaser & Final Date, Jio 5G Phone, iPhone 13, Nord CE 5G, New iPad Pro",
            "I Would NOT Want to be Intel Right Now........",
            "The Best Chair for Programmers... (as an ex-Google tech lead) | Aeron vs Embody, Steelcase, Hyken...",
            "Receiving a HUGE Mystery Package Full of Tech..."
        ]
    }
}