{
    "mario odyssey": {
        "clickbait_avg_views": 3345401.3703703703,
        "noclickbait_avg_views": 6178647.5,
        "clickbait_noclickbait_avg_ratio": 0.5414455785623585,
        "clickbait_per_video": 0.2967032967032967,
        "video_counts": 91,
        "clickbait_video_count": 27,
        "noclclickbait_video_count": 64,
        "total_views": 485759277,
        "clickbait_views": 90325837,
        "noclclickbait_views": 395433440,
        "result": [
            false,
            false,
            false,
            false,
            false,
            false,
            false,
            false,
            true,
            false,
            true,
            false,
            false,
            false,
            false,
            false,
            false,
            false,
            false,
            false,
            true,
            false,
            true,
            false,
            false,
            false,
            false,
            false,
            false,
            true,
            true,
            false,
            false,
            true,
            false,
            false,
            false,
            false,
            true,
            false,
            true,
            false,
            false,
            false,
            true,
            false,
            false,
            false,
            true,
            false,
            false,
            true,
            true,
            false,
            false,
            true,
            true,
            true,
            false,
            true,
            false,
            false,
            false,
            false,
            true,
            true,
            false,
            false,
            false,
            false,
            true,
            false,
            false,
            false,
            false,
            false,
            true,
            true,
            false,
            true,
            true,
            false,
            true,
            false,
            false,
            false,
            true,
            false,
            true,
            false,
            false
        ],
        "view": [
            "13958673",
            "22428687",
            "10405498",
            "13673824",
            "47368075",
            "1362826",
            "10402614",
            "7882420",
            "871228",
            "1684378",
            "9353747",
            "286478",
            "1091174",
            "1273232",
            "110981",
            "2087172",
            "22897693",
            "18628347",
            "673847",
            "342624",
            "241672",
            "45934504",
            "3735583",
            "1897125",
            "3160406",
            "273540",
            "765570",
            "3360794",
            "6327786",
            "2604158",
            "2906628",
            "14311013",
            "1737543",
            "4121947",
            "245314",
            "124895",
            "82162",
            "2152160",
            "2222929",
            "3819535",
            "253",
            "71342",
            "1832215",
            "161377",
            "17774",
            "10846434",
            "1573887",
            "1367847",
            "250",
            "152876",
            "964012",
            "362681",
            "26812416",
            "12585",
            "51",
            "2742241",
            "9574556",
            "6186454",
            "11732966",
            "3949538",
            "4042202",
            "8345656",
            "1903791",
            "24212117",
            "4119878",
            "142019",
            "3519349",
            "25024208",
            "3928",
            "6370329",
            "118194",
            "1192736",
            "4528",
            "10620",
            "5522",
            "5691883",
            "1233141",
            "109038",
            "2659872",
            "787633",
            "2585602",
            "1537370",
            "3653480",
            "18819254",
            "10501",
            "26135",
            "1765203",
            "581881",
            "107594",
            "845100",
            "1159976"
        ],
        "title": [
            "Super Mario Odyssey - Full Game Walkthrough",
            "Super Mario Odyssey - Full Game Walkthrough",
            "Super Mario Odyssey - Gameplay Walkthrough Part 1 - Cap and Cascade Kingdom! (Nintendo Switch)",
            "Super Mario Odyssey - Full Game Walkthrough (Mario & Luigi)",
            "Super Mario Odyssey - Nintendo Switch Presentation 2017 Trailer",
            "Mario Odyssey but you lose 1 Coin every second. Game Over at 0.",
            "Super Mario Odyssey (dunkview)",
            "How Speedrunners beat Mario Odyssey without Cappy (almost)",
            "Super Mario Odyssey 100% Guide Part 33 of 51 All 999 Power Moons & Purple Coins Gameplay Walkthrough",
            "Super Mario Odyssey - All Bosses + Cutscenes (No Damage)",
            "SUPER MARIO ODYSSEY!!! **i'm so excited!!**",
            "Super Mario Odyssey: Yoshi Star Kingdom - Full Walkthrough",
            "Super Mario Odyssey: The Floor is Lava - Full Game Walkthrough",
            "Super Mario Odyssey - Before You Buy",
            "Super Mario Odyssey - All Moon Pipe Challenges",
            "Mario Odyssey but the floor is lava",
            "Mario's Odyssey",
            "Super Mario Odyssey - Full Game Complete Walkthrough",
            "Mario Odyssey Speedrun reaches Mushroom Kingdom in 12 MINUTES",
            "Super Mario Odyssey Vs Bowser's Fury",
            "16 Things You WISHED You Could Capture in Super Mario Odyssey!",
            "Jump Up, Super Star! Remix- Super Mario Odyssey- The Living Tombstone",
            "A NORMAL DAY IN MARIO ODYSSEY",
            "I turned the floor in Mario Odyssey to lava",
            "Mario Odyssey is a perfect game with no glitches :)",
            "Super Mario Odyssey - Secret Special Fury Bowser & Golden Bowser Boss Fights",
            "Super Mario Odyssey - Mega Fury Bowser Boss Battle",
            "Top 10 Hardest Super Mario Odyssey Power Moons",
            "Super Mario Odyssey - Darker Side Kingdom (Secret Final Kingdom)",
            "Doing \"Impossible\" Mario Odyssey Challenges from 2017",
            "SUPER MARIO ODYSSEY: The 100% Supercut",
            "Super Mario Odyssey - Final Boss + Ending",
            "Super Mario Odyssey | Let's Play #6",
            "Super Mario Odyssey - Full Game (100% Walkthrough All Moons in All Kingdoms Multiplayer)",
            "Super Mario Odyssey 2 will never happen...",
            "MARIO 64 in MARIO ODYSSEY!",
            "What If Super Mario Odyssey Was Frozen in Place? - Lake, Wooded & Cloud Kingdom",
            "Mario Odyssey but the Loading Zones are all wrong",
            "VG Myths - Super Mario Odyssey's Impossible Jumpless Moons",
            "Super Mario Odyssey - Final Boss Evil Peach & Ending",
            "TO THE MOON  |  Part 40  |  Super Mario Odyssey",
            "Super Mario Odyssey   Let's Play #8",
            "Beating Mario Odyssey Exactly as Nintendo Intended",
            "Double Mario Odyssey: Controlling Two Marios At Once - Full Game Walkthrough",
            "Can you beat Mario Odyssey with only your voice?",
            "Mario and Cappy go to the Mall (Super Mario Odyssey Parody)- AwesomeErick",
            "Super Mario Odyssey vs. Breath of the Wild | Battle of the Masterpieces - Scott The Woz",
            "Super Mario Odyssey | Let's Play #7",
            "BIRD TOWER  |  Part 39  |  Super Mario Odyssey",
            "Super Mario Odyssey but its Mario Galaxy...",
            "How to Do Crazy Tech Jumps & Moves in Super Mario Odyssey",
            "5 WEIRD MODS in Super Mario Odyssey - Shaved and Tattooed Mario, Sonic, Garurumon & Bunnelby",
            "9999 SUPER MARIO ODYSSEY COINS!!!",
            "Super Mario Odyssey Walkthrough Part 5 - The Snow Kingdom!",
            "Watch Me Fail | Super Mario Odyssey | 27 | \"Snow Day\"",
            "How to beat Mario Odyssey with only 3 CAPTURES (Full Commentated Speedrun)",
            "SUPER MARIO ODYSSEY: The Supercut",
            "Super Mario Odyssey - All Endings + New 100% Ending",
            "Super Mario Odyssey - Full Game Walkthrough",
            "PRIMERA HORA DE JUEGO | PARTE #1 | SUPER MARIO ODYSSEY",
            "Super Mario Odyssey A Minecraft Animation Episode 2 Cap Kingdom",
            "Super Mario Odyssey Trailer - Nintendo Switch",
            "Super Mario Odyssey - Gameplay Walkthrough Part 7 - Snow Kingdom! (Nintendo Switch)",
            "Super Mario Odyssey - All Endings + Secret Final Boss & 999 Moons Reward",
            "SUPER MARIO ODYSSEY Part 1: Super Mario auf Weltreise",
            "Mario Maker 2 - ALL SUPER MARIO ODYSSEY BOSSES (Super Mario Maker 2 Boss Battles)(Boss Ideas)",
            "Super Mario Odyssey ITA [Parte 1 - Mario Sconfitto?!?]",
            "Super Mario Odyssey - All Capture Power-Up Transformations",
            "RTGame Archive: Super Mario Odyssey [6]",
            "Empieza la Aventura en Mario Odyssey | Super Mario Odyssey Capitulo 1 | Juegos Karim Juega",
            "Super Mario Odyssey: Yoshi Star Kingdom (Custom DLC) - 100% Walkthrough",
            "Super Mario Odyssey 2 - Announcement Trailer - Nintendo Switch",
            "RTGame Archive: Super Mario Odyssey [5]",
            "RTGame Archive: Super Mario Odyssey [3] & Dread Hunger",
            "Super Mario Odyssey Walkthrough Part 6 - The Luncheon Kingdom!",
            "25 Comfy Sleeping Spots - Super Mario Odyssey",
            "What If The T-Rex Was in EVERY Kingdom?! - Super Mario Odyssey",
            "This Hack Makes Mario Odyssey A Whole NEW Game",
            "Super Mario Odyssey | Let's Play #2",
            "Super Mario Odyssey VR MODE - All Challenges + Secret Bonus ( New 1.3 Update! )",
            "Metro Kingdom Got FLOODED! - Super Mario Odyssey",
            "Super Mario Odyssey ITA [Parte 2 - Tostalandia]",
            "SUPER MARIO ODYSSEY #2 - O Reino da Areia! (Nintendo Switch Gameplay)",
            "Super real Mario Odyssey",
            "RTGame Archive: Super Mario Odyssey [2]",
            "RTGame Archive: Super Mario Odyssey",
            "Super Mario Odyssey - Gameplay Walkthrough Part 28 - Ruined Kingdom 100%! Amiibos! (Nintendo Switch)",
            "Super Mario Odyssey - All Moon Pipe Challenges",
            "DER ALLERBESTE HACK! | Yoshi Star Kingdom (Mario Odyssey)",
            "Super Mario Odyssey, but the Floor is Lava - Mushroom Kingdom",
            "Super Mario Odyssey | Let's Play #5"
        ]
    }
}