{
    "dave2d": {
        "clickbait_avg_views": 1043390.3,
        "noclickbait_avg_views": 1068050.6206896552,
        "clickbait_noclickbait_avg_ratio": 0.9769109064571007,
        "clickbait_per_video": 0.18691588785046728,
        "video_counts": 107,
        "clickbait_video_count": 20,
        "noclclickbait_video_count": 87,
        "total_views": 113788210,
        "clickbait_views": 20867806,
        "noclclickbait_views": 92920404,
        "result": [
            false,
            false,
            false,
            true,
            false,
            false,
            true,
            true,
            false,
            false,
            true,
            false,
            false,
            false,
            false,
            false,
            true,
            false,
            false,
            false,
            false,
            false,
            false,
            true,
            false,
            true,
            false,
            false,
            false,
            false,
            false,
            false,
            false,
            false,
            false,
            true,
            false,
            false,
            true,
            false,
            true,
            false,
            false,
            false,
            false,
            true,
            false,
            false,
            false,
            false,
            false,
            false,
            false,
            false,
            false,
            false,
            false,
            false,
            false,
            false,
            false,
            false,
            true,
            false,
            true,
            false,
            false,
            false,
            true,
            false,
            false,
            false,
            false,
            false,
            true,
            false,
            false,
            false,
            false,
            false,
            true,
            false,
            false,
            false,
            false,
            false,
            false,
            false,
            false,
            false,
            true,
            false,
            true,
            false,
            false,
            false,
            false,
            false,
            false,
            true,
            false,
            false,
            true,
            false,
            false,
            false,
            false
        ],
        "view": [
            "741360",
            "613863",
            "1096603",
            "526037",
            "691042",
            "503975",
            "816871",
            "510754",
            "647958",
            "1751550",
            "711903",
            "1437775",
            "486847",
            "746810",
            "998197",
            "681576",
            "497136",
            "1406",
            "432165",
            "1381370",
            "509274",
            "28480",
            "1401169",
            "479645",
            "268320",
            "762328",
            "2176571",
            "1127581",
            "1784669",
            "92776",
            "1006627",
            "377390",
            "786946",
            "901225",
            "1791193",
            "874392",
            "1039234",
            "795783",
            "954753",
            "410107",
            "1008167",
            "740847",
            "2363040",
            "1225056",
            "2527380",
            "1364897",
            "1084614",
            "2265833",
            "1230374",
            "841906",
            "2176571",
            "865781",
            "92776",
            "985768",
            "1233919",
            "999662",
            "316982",
            "2084344",
            "1218463",
            "837419",
            "5360",
            "793270",
            "1498594",
            "1542710",
            "2183621",
            "1781196",
            "592198",
            "1419933",
            "518284",
            "421035",
            "709804",
            "1086111",
            "1032276",
            "568803",
            "1364897",
            "609112",
            "776238",
            "2410939",
            "1121574",
            "803006",
            "1407010",
            "872941",
            "1719545",
            "1548999",
            "1087313",
            "956120",
            "1646977",
            "703824",
            "1273387",
            "609112",
            "1223050",
            "8607",
            "639088",
            "665864",
            "1419933",
            "2738250",
            "3454553",
            "1457756",
            "1086111",
            "1407010",
            "1232280",
            "1548999",
            "2119369",
            "421035",
            "1417891",
            "872941",
            "703824"
        ],
        "title": [
            "The Next MacBook",
            "Nvidia Gaming Laptops Just Got Beat.",
            "M1 iMac Review - Better and Worse",
            "The NEW Alienware R5/R6 Gaming Laptops",
            "iPad Pro 2021 Review - M1 + Mini LEDs!",
            "Dave2D - The Next Thing",
            "The NEW Surface Laptop - M1 MacBook Competition!",
            "NEW Gaming Laptops from Asus! - M16 + S17",
            "Lenovo Legion 5 Pro Review",
            "The MacBook Is Getting Too Good.",
            "ZenFone 8 + Flip - SO GOOD!",
            "The Best Laptops - 2020 Picks!",
            "Dave2D - Your Questions Answered!",
            "A Fresh Setup for the New Studio",
            "ASUS Zephyrus G15 Review - The King.",
            "Samsung Galaxy S21 + S21 Ultra Review",
            "This Gaming Phone is a MONSTER!!!",
            "Dave 2D has run out of money and is back on YouTube",
            "Intel Responds - New MSI Laptops!",
            "My Personal Setup from 2020",
            "\"the best laptop mouse\" - Razer Orochi V2",
            "Dave 2D Begs for money in wake of tragedy",
            "My Cleanest Setup - RGB Free",
            "The MECHANICAL Alienware Laptop!",
            "Nvidia RTX 3060 - $329 Gaming",
            "Asus ROG Phone 5 - It has EVERYTHING",
            "Dave2D Says Don't Buy These Laptops",
            "The Most Powerful Gaming Laptop Right Now",
            "My iPhone 12 Mini Review!",
            "Dave 2D Pulls Videos After Max & Lee Tragedy",
            "MacBooks with M1 Chips!",
            "The Making of Dave2D's Luxury Mechanical Keyboard",
            "My OnePlus 8T Review!",
            "Razer Book 13 - MacBook and XPS Competition",
            "My Google Pixel 4a Review!",
            "The $350 POCO F3",
            "The Cheaper Samsung Galaxy Phone!",
            "The Secret Laptop Club",
            "The NEW iPad Air (2020)",
            "OnePlus 9 Review - A Crippled Camera",
            "The NEW Logitech G Pro X - SUPERLIGHT",
            "Asus Flow X13 Review - AMD + RTX 3080!",
            "\"Every Laptop Sucks\"",
            "The Gaming Laptop Trap",
            "8 Months with a OnePlus Phone",
            "NEW AMD + RTX 3000 Gaming Laptops From Asus",
            "XPS 17 + XPS 15 Review",
            "Underwater OnePlus 7 Pro Review",
            "Samsung Galaxy S21 - What Is Going On?",
            "Best Gaming Mouse Tier List 2020",
            "Dave2D Says Don't Buy These Laptops",
            "MSI Prestige 14 - Every Inch Matters",
            "Dave 2D Pulls Videos After Max & Lee Tragedy",
            "Razer Blade Stealth 2020 - Cursed by Intel",
            "PlayStation 5 Review - With Great Power...",
            "How to Be Unbox Therapy! - Deepfakes",
            "End of Year Q&A!",
            "Alienware R3 Gaming Laptop",
            "What Makes the Samsung Galaxy S20 Ultra Special?",
            "The $200 Poco X3",
            "Putting the Roasters feet to the fire. Dave 2D still fearful?",
            "My Dream Setups!",
            "The NEW Apple iPhone 12",
            "The Best Gaming Laptops from Asus",
            "The IMPOSSIBLE Gaming Laptop",
            "2020 Razer Blade 15 Review",
            "RTX 3070 Review - Worth the $500?",
            "I Found the Best Gaming Mouse",
            "LG Gram Review (2021) - REAL Upgrades!",
            "Dave2D - Q&A 2017",
            "OnePlus 9 Pro Review - Camera ClickBait?",
            "My Google Pixel 5 Review!",
            "I Broke My Razer Blade",
            "my Beef with Dave2D",
            "NEW AMD + RTX 3000 Gaming Laptops From Asus",
            "My Nvidia RTX 3080 Review!",
            "Xiaomi Mi 11 With The Snapdragon 888",
            "3 Days with the Galaxy S10",
            "Lenovo ThinkPad P1 Review",
            "My iPhone 12 Pro Max Review!",
            "K20 Pro - How is this Phone SO Cheap?!",
            "AirPods Max Review - Perfectly Apple",
            "M1 MacBook Review + Mac Mini",
            "OnePlus 8 Pro Review - The Better S20",
            "The OnePlus We Loved Is Dead",
            "Intel Sent Their Secret Weapon",
            "2020 MacBook Air vs. The Rest",
            "Surface Book 3 + Surface Headphones 2",
            "My Personal Setup from 2019",
            "My Nvidia RTX 3080 Review!",
            "You NEED to See This Laptop",
            "Dave 2D guilted off social media",
            "The LEGENDARY Gaming Setup",
            "What Makes The $400 Pixel So Unique?",
            "I Found the Best Gaming Mouse",
            "Wireless Earbuds That Don't Suck!",
            "$12 Hack To Boost Your Laptop Performance!",
            "Let's Talk About That $699 iPhone 11",
            "My Google Pixel 5 Review!",
            "K20 Pro - How is this Phone SO Cheap?!",
            "Dell G3 15\" (3579) Review",
            "OnePlus 8 Pro Review - The Better S20",
            "The NEW Samsung Galaxy Tab S7+",
            "Dave2D - Q&A 2017",
            "The OnePlus 9 Hasselblad Camera",
            "AirPods Max Review - Perfectly Apple",
            "Surface Book 3 + Surface Headphones 2"
        ]
    }
}