{
    "MrBeast": {
        "clickbait_avg_views": 18032976.133333333,
        "noclickbait_avg_views": 39184284.65591398,
        "clickbait_noclickbait_avg_ratio": 0.460209400061401,
        "clickbait_per_video": 0.1388888888888889,
        "video_counts": 108,
        "clickbait_video_count": 15,
        "noclclickbait_video_count": 93,
        "total_views": 3914633115,
        "clickbait_views": 270494642,
        "noclclickbait_views": 3644138473,
        "result": [
            false,
            false,
            false,
            false,
            false,
            false,
            false,
            false,
            false,
            false,
            false,
            true,
            false,
            false,
            false,
            false,
            false,
            false,
            false,
            false,
            false,
            false,
            true,
            false,
            false,
            false,
            false,
            false,
            false,
            false,
            false,
            false,
            false,
            false,
            false,
            false,
            false,
            true,
            false,
            true,
            false,
            false,
            false,
            false,
            false,
            false,
            false,
            false,
            true,
            false,
            false,
            false,
            false,
            true,
            false,
            true,
            false,
            false,
            false,
            false,
            false,
            false,
            false,
            false,
            false,
            false,
            false,
            false,
            true,
            false,
            false,
            false,
            false,
            false,
            false,
            false,
            false,
            false,
            true,
            false,
            false,
            false,
            false,
            false,
            true,
            false,
            false,
            true,
            false,
            false,
            false,
            true,
            true,
            false,
            true,
            false,
            false,
            false,
            false,
            false,
            false,
            false,
            false,
            true,
            false,
            false,
            false,
            false
        ],
        "view": [
            "8666836",
            "42218504",
            "18010962",
            "46478898",
            "66356594",
            "52013147",
            "52570844",
            "14729630",
            "6588686",
            "12099147",
            "82815542",
            "960150",
            "57792572",
            "5677922",
            "34078850",
            "25572200",
            "19597868",
            "22972148",
            "65651327",
            "19785109",
            "92509360",
            "20127214",
            "365209",
            "57340938",
            "5945263",
            "29601609",
            "11266896",
            "53966430",
            "46840595",
            "15229183",
            "42210747",
            "69836526",
            "15902183",
            "51765461",
            "27838482",
            "16647758",
            "8258577",
            "160713",
            "48781",
            "3060409",
            "74911569",
            "29443140",
            "11815694",
            "74911569",
            "6554514",
            "84583332",
            "924409",
            "32895",
            "75857789",
            "76320716",
            "46034",
            "65033669",
            "62393320",
            "27900211",
            "87461",
            "11223008",
            "73594",
            "11136009",
            "34755650",
            "14301905",
            "50246730",
            "89220248",
            "109766391",
            "44827",
            "9853443",
            "40269632",
            "17910491",
            "70556411",
            "136919",
            "1059125",
            "29550493",
            "88522154",
            "37334413",
            "11519",
            "130380",
            "118020234",
            "86678683",
            "48278336",
            "44516108",
            "13703592",
            "4093857",
            "110805",
            "13576",
            "55260089",
            "4856463",
            "83521491",
            "2181578",
            "29484",
            "61717172",
            "73775131",
            "81964597",
            "271970",
            "1172383",
            "55200148",
            "86334288",
            "27985502",
            "21690036",
            "22307993",
            "80745509",
            "83250923",
            "78177045",
            "83636135",
            "80402158",
            "13649538",
            "33588885",
            "47400",
            "96184340",
            "40788732"
        ],
        "title": [
            "I Gave Away My Credit Card!",
            "24 Hours In The Most Haunted Place On Earth",
            "10,000 Zombies vs Mutant Wither!",
            "Extreme $100,000 Game of Tag!",
            "I Opened A Restaurant That Pays You To Eat At It",
            "I Got Hunted By A Real Bounty Hunter",
            "Would You Sit In Snakes For $10,000?",
            "World's Fastest Workers!",
            "1000 Degree Ball vs Ice!",
            "Most Expensive Houses!",
            "I Spent 24 Hours In A Doomsday Bunker",
            "I STOLE MrBeast Burger From MrBeast!",
            "Planting 20,000,000 Trees, My Biggest Project Ever!",
            "Unbelievable Mountain Coaster!",
            "I Bought Every Billboard In My City For This",
            "If You Build A Lamborghini I'll Pay For It!",
            "1000 People vs 1 Infected!",
            "$10,000 For Every Diamond!",
            "Last To Leave Roller Coaster Wins $20,000 - Challenge",
            "Mining 1,000,000 Blocks Alone!",
            "I Spent 50 Hours Buried Alive",
            "1000 People Build 10 Countries!",
            "Fortnite SEASON 7 - NEW UPDATES Everyone Wants",
            "I Bought The World's Largest Mystery Box! ($500,000)",
            "Real Flying Suit!",
            "I Walked Across The Earth!",
            "Forging A Katana From Rusted Chain!",
            "Offering People $100,000 To Quit Their Job",
            "Selling Houses For $1",
            "I Hosted A $50,000 Talent Show!",
            "1000 Zombies vs Mutant Enderman!",
            "Last To Fall Wins $1,000,000 (Part 1)",
            "Minecraft But Everything is 10x Bigger!",
            "Giant Monopoly Game With Real Money",
            "Hide And Seek Across The Earth!",
            "Donating $100,000 To Twitch Streamers!",
            "Giving $300,000 to Students",
            "*NEW* Season 7 SHOTGUN! (Fortnite Chapter 2 Season 7)",
            "MrBeast Shorts vs Other Channels Gas Gas Gas | PeastBew Gas",
            "SIDEMEN $10,000 VS $100 HOTEL",
            "Surviving 24 Hours Straight In A Desert",
            "Would You Risk $5,000 for $100,000?",
            "Bowling Ball vs 600 Feet Drop!",
            "Surviving 24 Hours Straight In A Desert",
            "I Challenged MrBeast To An Art Competition And He Accepted! ft. MrBeast | ZHC Crafts",
            "Spending 24 Hours Straight Under Water Challenge",
            "I Built The World's Largest MrBeast Burger",
            "Why Ryan Trahan is the Next MrBeast",
            "I Adopted EVERY Dog In A Dog Shelter",
            "$50,000 Game Of Extreme Hide And Seek - Challenge",
            "MrBeast Channels vs Dream Channels Gas Gas Gas (in 5 years) | PeastBew Gas",
            "I Ate $100,000 Golden Ice Cream",
            "I Survived 24 Hours Straight In Ice",
            "1v1ing EVERYONE (mrbeast/ninja/fresh)",
            "MrBeast Gaming vs Other Channels Gas Gas Gas | PeastBew Gas",
            "MINECRAFT'S GOT TALENT (ft. MrBeast & Dream)",
            "FORTNITE FAILS & Epic Wins! #190 (Fortnite Battle Royale Funny Moments)",
            "Hydraulic Press vs 1000 Sheets Of Paper",
            "I Surprised MrBeast With A Custom House",
            "Insane Parkour Escape!",
            "Surprising My Girlfriend With 100,000 Roses For Valentines Day",
            "Surviving 24 Hours Straight In The Bermuda Triangle",
            "Going Through The Same Drive Thru 1,000 Times",
            "MrBeast Gifts Dream a TESLA in real life...",
            "Jumping from 128,000 Feet!",
            "I Surprised MrBeast With A Custom Tesla!",
            "Donating $50,000 If You Beat Minecraft!",
            "Last To Leave VR Wins $20,000",
            "Most Dangerous Fight Ever DREAM VS Mr.BEAST  | Minecraft",
            "SML Movie: Cody Goes To College!",
            "100 Players, But Lava Rises Every Minute!",
            "Do Water Repellent Shoes Actually Work?",
            "I Gave $20,000 To Random Homeless People",
            "YouTubers Who Mysteriously Disappeared! (MrBeast, JayStation, FRED, RedKeyMon)",
            "@MrBeast Caught In 4K",
            "I Spent 50 Hours In Solitary Confinement",
            "Last To Leave $800,000 Island Keeps It",
            "Tipping Waitresses With Real Gold Bars",
            "Attempting The Impossible Maze - $10,000 Challenge",
            "I Must Win MrBeast's $10,000 Refrigerator",
            "School Tik Toks That Are Actually Relatable",
            "MrBeast vs Other Channels Gas Gas Gas",
            "I Met MrBeast In Fortnite Duo Fills...",
            "Standing Still For 24 Hours Straight - Statue Challenge",
            "Food Theory: MrBeast Burger Is NOT What You Think...",
            "I Bought The World's Largest Firework ($600,000)",
            "Bringing the End Dragon to the Nether...",
            "TOUGHEST EMOJI QUIZ EVER! w/ Tewtiy (Hilarious)",
            "Would You Rather Have A Giant Diamond or $100,000?",
            "I Won Every Prize At A Theme Park",
            "I Gave My Credit Card To Random People",
            "minecraft manhunt but I am a TRAP MASTER (overpowered)",
            "FACE REVEAL of KINGPIN - Lie Detector Test after 24 Hours Trapped & Summer Schooled",
            "I Went Back To Boy Scouts For A Day",
            "Would You Rather Have $100,000 OR This Mystery Key?",
            "I Surprised MrBeast With 50 Custom iPhone 11s",
            "How Many Balloons Does It Take To Float?",
            "Last To Leave Circle Wins $10,000!",
            "Spending $1,000,000 In 24 Hours",
            "Last To Leave Revolving Door Wins $50,000",
            "I Opened A Free Car Dealership",
            "Spending 24 Hours On Top Of A Mountain",
            "World's Largest Bowl Of Cereal",
            "Student CHEATS On FINAL EXAM, Instantly Regrets It | Dhar Mann",
            "I Hope This Magic Trick Works",
            "If MrBeast was a Fortnite YouTuber...",
            "Press This Button To Win $100,000!",
            "I Put 1,000,000 Christmas Lights On A House (World Record)"
        ]
    }
}