{
    "dank pod": {
        "clickbait_avg_views": 503925.8181818182,
        "noclickbait_avg_views": 538126.0560747663,
        "clickbait_noclickbait_avg_ratio": 0.9364456756797586,
        "clickbait_per_video": 0.09322033898305085,
        "video_counts": 118,
        "clickbait_video_count": 11,
        "noclclickbait_video_count": 107,
        "total_views": 63122672,
        "clickbait_views": 5543184,
        "noclclickbait_views": 57579488,
        "result": [
            false,
            false,
            true,
            false,
            false,
            false,
            false,
            false,
            false,
            false,
            false,
            false,
            false,
            false,
            false,
            false,
            false,
            true,
            false,
            false,
            false,
            false,
            false,
            false,
            false,
            false,
            false,
            false,
            false,
            false,
            false,
            false,
            false,
            false,
            false,
            false,
            false,
            false,
            false,
            false,
            false,
            false,
            false,
            false,
            false,
            false,
            false,
            false,
            false,
            false,
            false,
            false,
            false,
            false,
            false,
            false,
            false,
            false,
            false,
            false,
            false,
            false,
            false,
            false,
            false,
            false,
            false,
            false,
            false,
            false,
            false,
            false,
            false,
            false,
            false,
            false,
            false,
            true,
            false,
            true,
            false,
            true,
            false,
            true,
            true,
            false,
            false,
            true,
            false,
            false,
            false,
            false,
            false,
            false,
            false,
            false,
            false,
            false,
            false,
            false,
            false,
            false,
            false,
            true,
            false,
            false,
            false,
            false,
            false,
            false,
            false,
            false,
            true,
            true,
            false,
            false,
            false,
            false
        ],
        "view": [
            "511205",
            "545226",
            "483906",
            "569743",
            "176977",
            "410507",
            "489752",
            "524691",
            "1080516",
            "2482130",
            "3590616",
            "1097955",
            "2100398",
            "1724416",
            "756773",
            "656100",
            "2284955",
            "987650",
            "571914",
            "592940",
            "609120",
            "638409",
            "868481",
            "786495",
            "1272929",
            "27",
            "59",
            "2259330",
            "26",
            "41",
            "65",
            "39",
            "47",
            "47",
            "57",
            "38",
            "162",
            "41",
            "31",
            "41",
            "34",
            "65",
            "34",
            "21",
            "44",
            "82",
            "43",
            "74",
            "31",
            "46",
            "101",
            "2391",
            "33",
            "39",
            "45",
            "58",
            "36",
            "100",
            "8",
            "37",
            "35",
            "2857644",
            "347",
            "536",
            "19",
            "72",
            "38",
            "14",
            "22",
            "58",
            "42",
            "46",
            "105",
            "42",
            "43",
            "76",
            "65",
            "199",
            "265168",
            "66",
            "43",
            "3916050",
            "33",
            "116795",
            "16",
            "10835",
            "297",
            "13624",
            "48",
            "68",
            "6226924",
            "10059600",
            "91",
            "69",
            "246",
            "74",
            "53",
            "36",
            "42",
            "40",
            "72",
            "35",
            "16",
            "398",
            "32",
            "30",
            "112",
            "157",
            "11432896",
            "25",
            "39",
            "39",
            "24461",
            "19",
            "41",
            "27545",
            "89924",
            "33"
        ],
        "title": [
            "I got Skullcandy Crushers...",
            "More Stupid iPod Accessories.",
            "Even BATMAN made an MP3 player.",
            "Meze actually sent me Empyreans.",
            "YouTube kinda stinks. My experience being a small weird channel on YouTube. *feat. Frank The Snake*",
            "After Show: I was scammed by Batman.",
            "I Present: \"Kwack Kwack. The Duck.\"",
            "My Cheap Headphone Starter Guide.",
            "I built an iPod out of junk. The ShrekPod Pro.",
            "Samsung's Magic Beans.",
            "I bought Raycons.",
            "I found a nightmare.",
            "My AirPods Max's Died...",
            "I got \"Free AirPods\" from Wish.com",
            "Cashies Special 2021",
            "Opening a brand new iPod Shuffle.",
            "The worst headphones I've bought.",
            "CASHIES SPECIAL",
            "I present to you, the JAMP3.",
            "The Coolest looking MP3 Player.",
            "Bone Conduction Headphones.",
            "Audiophile Xmas Gift Ideas 2020",
            "The bluetooth speaker shootout.",
            "The Perfect Bluetooth iPod Classic",
            "The 2020 Bootleg Bonanza.",
            "Dank Pod-Stash 86: Fenix Aurora",
            "Dank Pod-Stash 89: Jimmy John",
            "Audio Technica ATH-M50X Review!",
            "Dank Pod Stash 77: Funtivities with NonVotingNick",
            "Dank Pod-Stash 94: Maxwell Chi",
            "Dank Pod-Stash 70: John Locke",
            "Dank Pod-Stash Hot Tokes 8: No War With Iran",
            "Dank Pod Stash Hot Tokes 4: Fam vs Anfam",
            "Dank Pod-Stash 88: Chris Cofer",
            "Dank Pod Stash 21 Shane Hunter, The Abrasive Entrepreneur",
            "Dank Pod-Stash 71: Coronavirus Brainstorm",
            "Dank Pod-Stash Hot Tokes 9.5 - State of Emergency in Virgina",
            "Dank Pod-Stash 73: Dyreka Klaus",
            "Dank Pod-Stash 76: Coronavirus Update",
            "Dank Pod-Stash 80: The Lucid Truth Double Feature with Isaac Lindenberger",
            "Dank Pod-Stash 38: Jason Boothe",
            "Dank Pod-Stash 93: Peter R Quinones",
            "Dank Pod-Stash 74: Josh Porche",
            "Dank Pod-Stash Hot Tokes 9: Trump Sells Soldiers to Saudi Arabia",
            "Dank Pod-Stash 75: Spike Cohen",
            "Dank Pod-Stash: 40 Lily Forester",
            "Dank Pod Project",
            "Dank Pod-Stash 82: State of The Boogie with Andrew Cosgrove",
            "Dank Pod-Stash 79: Mike Shipley",
            "Dank Pod",
            "Dank Pod-Stash 68: Dharma Eyer",
            "Item9 Apollo 710 pod / Vapen Clear x pod Double Dank Special Review",
            "Dank Pod Stash 20: Gabriel Edgar",
            "Dank Pod Stash 49: Andrew Marich",
            "Dank Pod-Stash 98: Brittanie Gold",
            "#StateSmashPodcast / Dank Pod Stash Crossover | Area 51 Boogaloo Edition",
            "Dank Pod Stash 41: Dyreka Klaus",
            "Dank Pod Stash 28: Tricia Stuart",
            "Dank Pod Stash 48: Nicky P and Lizzie",
            "Dank Pod-Stash 91: Jeremiah Talks/Dank Pod-Stash Combo Show 3",
            "Dank Pod-Stash 67: Dennis Wiscount",
            "Samsung Galaxy Buds Plus: The Go-To!",
            "Dank Pod-Stash Hot Tokes 12: Interviewing Christopher Ledbetter",
            "Dank Pod-Stash 83: Christopher Ledbetter",
            "Dank Pod-Stash 36: Updates, Property, and More",
            "#StateSmashPodcast | Nick Irwin of Enemy Of The State's Dank Pod Stash",
            "Dank Pod-Stash 97: William Gadsden",
            "Dank Pod-Stash Hot Tokes 11: Big Mad About Half TIme",
            "Dank Pod-Stash 39: Jay Caetano",
            "Dank Pod-Stash Hot Tokes 10: Virginia Larp Rally Flop",
            "Dank Pod Stash 9: The Drug War",
            "Dank Pod Stash 7: Voting",
            "Dank Pod Stash 27 James and LeeAnn",
            "Dank Pod-Stash Hot Tokes 5: Insanity From Cops and Cop Supporters",
            "Dank Pod Stash 34: James V. Baker/Auditing Law Enforcement",
            "Dank Pod-Stash 63: Michael Jimerson",
            "Dank Pod-Stash 84: Rachel Nielson",
            "**DANK TIDE POD MEMES**",
            "All Dank Memer Discord Secret Multipliers Commands",
            "DON'T EAT THE TIDE POD | Dank Meme",
            "Dank Pod Disco Pod HAAAAAAAAAAAAAAAAAAAAAGH",
            "Google Pixel Buds Review: WAY Better!",
            "Enemy of the State's Dank Pod Stash Episode: 36",
            "DANK CONFERENCE w/ @Dank Rishu @PapaOcus@RavGameplays @wahifunnywala & Arpit Bala",
            "POD DANK BK ring found on shenk run",
            "(outdated) How to get rich by gambling in Dank Memer",
            "Enemy of the State's Dank Pod Stash Episode 1",
            "SECLUDED IN THE FRENCH COUNTRYSIDE | Abandoned Brother & Sister's Farm House",
            "Dank Pod Stash 46 Dan Hodor",
            "Dank Pod Stash 44 Jack V Lloyd",
            "AirPods Pro Review: Imperfectly Perfect!",
            "AirPods Pro Unboxing & Impressions!",
            "Dank Pod-Stash 64: Lily Forester",
            "Dank Pod-Stash 59: Joa Orga",
            "Dank Pod Stash 30: Capitalism VS Mutualism Debate",
            "Dank Pod-Stash 60: James Dvorak Jr.",
            "Dank Pod Stash 6: Mitch, Crypto, and Weed",
            "Dank Pod-Stash 62: Matthew Wojtecki Author of Brushfire",
            "Dank Pod Stash 17: Hodey the Anarchist",
            "Dank Pod-Stash 58: Brett Adkins",
            "iDubbbz Eats a TidePod | Dank Meme",
            "Dank Pod Stash 14: Michael E Smith",
            "Dank Pod-Stash 37: Building Bridges",
            "Pack Of Dank (POD) // Official Video // Brizzy Danks & Dxtr Spits",
            "Dank Pod Stash 45: Jeremy Henggeler",
            "Dank Pod Stash 50: Michael E. Smith",
            "Dank Pod-Stash Hot Tokes 3: Hong Kong & WW556",
            "Titanfall 2 Drop Pod Dank!!!",
            "AirPods Max Unboxing & Impressions: $550?!",
            "Dank Pod Stash 52: Aaron Peterson",
            "Dank Pod-Stash 31: Pierce Van Ardoy",
            "Dank Pod Stash 29: Anarchist Networking",
            "Anakin Did 9/11 - Now THIS is Podracing Meme - Allahu Akbar Dank Memes",
            "POD Big Daddy DANK was generous today",
            "Dank Pod Stash 54: Brett McQuigg",
            "Dark Jokes w/ @Dank Rishu & Bhappa | Dostcast 17",
            "All Dank Memer Discord Items/Pets And What They Do",
            "Dank Pod-Stash 57: Daniel Johnson"
        ]
    }
}