{
    "discord": {
        "clickbait_avg_views": 1428997.9487179487,
        "noclickbait_avg_views": 2428014.279411765,
        "clickbait_noclickbait_avg_ratio": 0.5885459409506242,
        "clickbait_per_video": 0.3644859813084112,
        "video_counts": 107,
        "clickbait_video_count": 39,
        "noclclickbait_video_count": 68,
        "total_views": 220835891,
        "clickbait_views": 55730920,
        "noclclickbait_views": 165104971,
        "result": [
            false,
            false,
            false,
            false,
            true,
            true,
            false,
            false,
            false,
            false,
            false,
            true,
            false,
            false,
            true,
            false,
            false,
            false,
            false,
            true,
            false,
            true,
            true,
            false,
            false,
            false,
            true,
            true,
            true,
            true,
            false,
            false,
            false,
            true,
            false,
            false,
            false,
            false,
            true,
            false,
            false,
            true,
            true,
            false,
            false,
            true,
            false,
            false,
            false,
            false,
            false,
            false,
            true,
            false,
            true,
            false,
            false,
            false,
            false,
            true,
            false,
            true,
            true,
            false,
            true,
            false,
            false,
            false,
            true,
            false,
            true,
            true,
            true,
            false,
            false,
            true,
            true,
            false,
            false,
            true,
            false,
            false,
            true,
            false,
            false,
            true,
            true,
            false,
            true,
            true,
            true,
            true,
            false,
            false,
            false,
            false,
            false,
            true,
            false,
            true,
            false,
            false,
            true,
            false,
            false,
            false,
            false
        ],
        "view": [
            "1067467",
            "336420",
            "23127804",
            "47277664",
            "824215",
            "2460533",
            "5960570",
            "1853201",
            "17686890",
            "284448",
            "13319649",
            "39053",
            "106527",
            "1769812",
            "73131",
            "327534",
            "1040464",
            "1681387",
            "12870719",
            "1448419",
            "3266713",
            "24172",
            "18906618",
            "59614",
            "4574",
            "584046",
            "2314492",
            "301692",
            "3029053",
            "192109",
            "405442",
            "107968",
            "318297",
            "1150538",
            "1304297",
            "1554",
            "410850",
            "1442577",
            "4555537",
            "11085",
            "1374",
            "1122",
            "1349670",
            "359406",
            "22824",
            "304748",
            "24121",
            "44241",
            "2763455",
            "27006",
            "667579",
            "758722",
            "1826506",
            "208739",
            "1014857",
            "452049",
            "60602",
            "690218",
            "162171",
            "126",
            "57758",
            "23951",
            "21541",
            "3980170",
            "252644",
            "2914089",
            "6078",
            "16443",
            "781",
            "1141385",
            "617151",
            "2823793",
            "402677",
            "3843",
            "6985314",
            "246989",
            "203552",
            "22440",
            "164582",
            "26147",
            "10423",
            "584359",
            "604309",
            "1249340",
            "485804",
            "74961",
            "1471834",
            "9617",
            "207",
            "14784",
            "134243",
            "2109104",
            "2567",
            "189406",
            "1078",
            "98573",
            "406928",
            "1931642",
            "34090",
            "47428",
            "1804549",
            "583",
            "4906591",
            "320945",
            "1071749",
            "644476",
            "28302"
        ],
        "title": [
            "The Living Tombstone - Discord (Lyrics) I can't sit idly, no, I can't move at all [TikTok]",
            "How To Use Discord (2021)",
            "Discord - The Living Tombstone - Lyrics",
            "Discord (Remix) - Eurobeat Brony",
            "How to Use Discord App - EASY Discord Tutorial",
            "The ULTIMATE Discord Setup Tutorial 2020! - How to Setup a Discord Server 2020 with BOTS & ROLES!",
            "Day in the life of a Discord Mod",
            "How Discord Works in 148,000 Miliseconds or Less",
            "[SFM] [FNaF] \"Discord\" by Eurobeat Brony (Remix by The Living Tombstone)",
            "Catching Predators on Discord Compilation",
            "[Amv] Discord ~ Underverse",
            "TROLLING A ANGRY TEACHER ON DISCORD!",
            "Catching Discord Predators #2",
            "Catching Predators on Discord",
            "The WORST Discord Ban Appeals...",
            "Discord music video",
            "The 9 types of people on discord",
            "We downloaded a knockoff chinese discord",
            "Discord (feat. Eurobeat Brony)",
            "How to make an EPIC Discord server (TUTORIAL)",
            "Discord (Remix/Cover) [feat. DAGames & RichaadEB] | CG5",
            "PUMPED UP KICKS - Discord Sings",
            "DISCORD [Kinetic Typography]",
            "How To Use Discord In Free Fire || Free Fire Discord Server || Use Discord Free Fire And Pubg",
            "Discord Sings : Mask - Dream!",
            "Discord Rap Battles",
            "FUNNIEST DISCORD MESSAGES V1",
            "DREAM MASK - Discord Sings",
            "IS DISCORD REALLY THE BEST? - Voice Chat Platform Showdown",
            "Why I'm DONE With Discord",
            "How To Get Every Discord Badge (2021)",
            "The Predators of Discord...",
            "Discord Comedy Night",
            "FUNNY DISCORD CHATS",
            "the new discord",
            "Activating Gigagon gold mount | Legacy of Discord",
            "Trying to get ADMIN in Random Discord Servers (And Trolling...)",
            "Discord's Got Talent (Indian Edition)",
            "(FLASHING LIGHTS WARNING) Friday Night Funkin' Corruption AU - Discord MAP Complete!",
            "Dream Texts His Fans! (Full Merch Discord Podcast)",
            "Toy Capsule - Gigagon(Gold Mount) - Legacy of Discord - Furious Wings",
            "LOGAN PAUL VS. FLOYD MAYWEATHER FIGHT!!!!!!!!!!!!!!! SUBSCRIBE AND JOIN DISCORD TO WATCH!!!!!!!!!!",
            "FUNNY DISCORD CHATS",
            "Discord Got Talent Indonesia ( Ft. Majelis Lucu Indonesia , TNM , Ngepetsub )",
            "Discord Explained: How Does It Work & Is It Secure?",
            "HOW TO USE DISCORD IN FREE FIRE OR PUBG FOR VOICE CHAT // WHAT IS DISCORD ?? // DISCORD FULL DETAILS",
            "Discord Bot I made about YBA's Community",
            "Discord has a New Profile Badge...",
            "All your Discord pain in one video...",
            "Catching a discord Predator #5",
            "Gamers Don't Like Discord's New Logo...",
            "Catching a Discord Predator With a Girl Voice Changer!",
            "500 People Make a NEW Discord Logo (Crazy event)",
            "Discord App | How to use Discord APP | Discord App Full Tutorial | how discord app works",
            "Roasting MORE discord members",
            "Announcing Discord Sound Packs ft. Lil Yachty",
            "Discord is Adding Profile Customisations...",
            "Rating your awful discord servers",
            "Discord Scary Story",
            "TRAVANDO CHINESES NO \"DISCORD\"",
            "Discord has a new logo...",
            "How to Get DISCORD NITRO for FREE in 2021: 6 NEW METHODS!",
            "DISCORD Sings Hey Ya!",
            "35 Reasons to Work at Discord",
            "Israeli PM: Israel will risk discord with US to confront Iran | Inside Story",
            "Catching Discord Predator Speedrun World Record",
            "Discord Sings \"Let The Wind Tell You\" (Genshin Impact)",
            "Thodarndhu Pesuvpom | Ep - 12 | Discord Polaama Friendzzz | Temple Monkeys",
            "Why You Should Not Buy Mecha Weapons -Fenix Deal - Legacy of Discord - Apollyon",
            "Catching Predators on Discord",
            "Discord desde CERO (crear un server, canales, bots, etc.)",
            "EL MEJOR IMITANDO VOCES EN DISCORD | PARTE 1",
            "CRASH COURSE: DISCORD",
            "Can you Get About Me Beta in Discord?",
            "Discord's Light Theme",
            "HOW TO USE DISCORD IN PUBG FOR VOICE CHAT || BEST PUBG EXPERIENCE || HINDI",
            "chistes MUY MALOS por DISCORD *muuuy malos*",
            "Cursed Side Of Discord V10",
            "Discord",
            "[HINDI] GTA 5 RP | SVRP 2.0 | STREAM STREAK - 5 | !discord !join",
            "Discord has a new feature...",
            "Cursed Side Of Discord",
            "Goodbye Discord!! - WAN Show March 26, 2021",
            "Discord Sings Chug Jug With You!",
            "Discord's You Laugh You Lose 3 | YLYL",
            "JOINING DISCORD DATING SERVERS 2",
            "EL MEJOR IMITANDO VOCES EN DISCORD | PARTE 2",
            "New Horror Map Live w/ potHEAD | try !discord",
            "DISCORD SERVER [link in description]",
            "MY DISCORD FLIPS 3 OF MY LOOPS & I GET ARTISTS ON THEM !? | FL STUDIO",
            "TROLLING A SCAMMER ON DISCORD! (GOT HIS IP)",
            "MIS VIEWERS IMITAN VOCES EN DISCORD",
            "Hive Squeaker VS Pot PvP Gang Member | Discord Packing",
            "crashing my friends discords",
            "Fiz uma SPEEDRUN de ser banido de servidores do Discord KKKKK",
            "Discord 101: Tips for a Thriving Community",
            "Tutorial Lengkap Cara Menggunakan Discord (Indonesia)",
            "MIS VIEWERS IMITAN VOCES EN DISCORD #3",
            "Buying 1,000 Discord Nitro Codes...",
            "the new discord logo is AWFUL",
            "Batman Becomes a Discord Mod",
            "Cowboys Fantasy Football for dummies/ CowboyJobu new Discord channel",
            "YETENEK SIZSINIZ DISCORD!",
            "Discord EXPLAINED For Dummies",
            "Why Does This Video Crash Discord...?",
            "Leave Discord Alone, Microsoft!",
            "Discord are removing this feature..."
        ]
    }
}