{
    "making music": {
        "clickbait_avg_views": 1002566.9230769231,
        "noclickbait_avg_views": 4650985.193181818,
        "clickbait_noclickbait_avg_ratio": 0.2155601192940049,
        "clickbait_per_video": 0.22807017543859648,
        "video_counts": 114,
        "clickbait_video_count": 26,
        "noclclickbait_video_count": 88,
        "total_views": 435353437,
        "clickbait_views": 26066740,
        "noclclickbait_views": 409286697,
        "result": [
            false,
            false,
            true,
            false,
            false,
            false,
            false,
            false,
            false,
            false,
            false,
            false,
            true,
            true,
            true,
            false,
            true,
            false,
            false,
            false,
            false,
            false,
            false,
            false,
            false,
            true,
            false,
            false,
            false,
            true,
            false,
            false,
            false,
            false,
            true,
            true,
            false,
            true,
            false,
            false,
            false,
            false,
            false,
            false,
            false,
            false,
            false,
            false,
            false,
            true,
            false,
            true,
            false,
            false,
            true,
            false,
            true,
            true,
            false,
            false,
            false,
            true,
            true,
            true,
            false,
            false,
            false,
            false,
            false,
            false,
            false,
            false,
            true,
            false,
            false,
            false,
            false,
            false,
            false,
            false,
            true,
            false,
            false,
            false,
            false,
            false,
            false,
            false,
            false,
            false,
            false,
            false,
            true,
            false,
            true,
            false,
            false,
            false,
            true,
            false,
            false,
            false,
            true,
            false,
            true,
            true,
            false,
            false,
            false,
            false,
            false,
            false,
            false,
            false
        ],
        "view": [
            "328598",
            "1463460",
            "448774",
            "1496402",
            "5647377",
            "2653636",
            "224887",
            "2402364",
            "607061",
            "13032313",
            "1074119",
            "918061",
            "73876",
            "38057",
            "367492",
            "1112607",
            "300375",
            "197488",
            "145647",
            "439993",
            "2018935",
            "120303",
            "253325",
            "214703",
            "539032",
            "14854592",
            "10243799",
            "142629",
            "415342",
            "42543",
            "673896",
            "234762",
            "364684",
            "20131",
            "40",
            "41858",
            "5017243",
            "4631486",
            "439141",
            "8119022",
            "5954405",
            "1330337",
            "48389583",
            "3621479",
            "62114",
            "751255",
            "4292",
            "219079",
            "219079",
            "149868",
            "87766",
            "3465",
            "912",
            "846",
            "542515",
            "9943091",
            "229843",
            "962799",
            "586360",
            "3349744",
            "395857",
            "46427",
            "37096",
            "60656",
            "3579484",
            "784385",
            "115850",
            "77497",
            "188870",
            "50053",
            "11252",
            "1545363",
            "299186",
            "237008",
            "37207628",
            "416061",
            "593602",
            "7588793",
            "1787240",
            "140808",
            "689174",
            "334522",
            "1581385",
            "19058142",
            "365868",
            "159953",
            "514264",
            "55501",
            "1099954",
            "53538",
            "2394141",
            "2182847",
            "244406",
            "227962",
            "1176251",
            "950",
            "616954",
            "56931",
            "104842",
            "58378",
            "374787",
            "70289",
            "123413",
            "9008027",
            "54384",
            "543322",
            "179037240",
            "41321",
            "1271755",
            "57512",
            "396232",
            "111847",
            "50347",
            "304997"
        ],
        "title": [
            "Music Production & Beat Making Process EXPLAINED",
            "How to get started making music",
            "Making Music With FREE Software",
            "Making a song in 59 minutes",
            "The Making Of Post Malone's \"rockstar\" With Tank God | Deconstructed",
            "FINNEAS Explains How He Builds Songs For Billie Eilish | Critical Breakthroughs | Pitchfork",
            "How To Make a Song Melody for BEGINNERS!",
            "My 6 Year Music Producer Transformation (2013-2019)",
            "Making Music with Minecraft Note Block Sounds",
            "See Charlie Puth Break Down Emotional Hit Song, \"Attention\"",
            "What the Top Producers Do in The Studio - Art of Making Beats Documentary",
            "Making Music With My Singing Monsters Composer",
            "How To PRODUCE MUSIC (In 3 Ways) | #MusicProduction",
            "WE MADE A HIT SONG FROM SCRATCH (Making a Hip Hop/Afrobeat Song from Scratch with Kyle Gee)",
            "MAKING MUSIC FOR FREE! | HOW TO MAKE MUSIC FOR FREE | AUDIOTOOL TUTORIAL",
            "Making Music but every sound is ASMR",
            "MAKE MUSIC on your PHONE! (BandLab app tutorial)",
            "How To Produce A Pop Song In 10 Steps | Make Pop Music",
            "Making Music but every sound is My Singing Monsters #2",
            "Love Making Music (One Hour Instrumental) | Honeymoon & Romantic Nights",
            "The Making Of: Higher Love (Kygo, Whitney Houston) #1",
            "Making music with DAYGLOW! | BLANKS INVITES",
            "Making My Own Friday Night Funkin' Song",
            "Making Music in Virtual Reality #3",
            "Making Music Without Hearing It",
            "SIDEMEN MAKE A SONG IN 24 HOURS CHALLENGE",
            "Making Music with Post Malone",
            "Making Music with the Best Keyboard Ever",
            "Making music should always be this fun",
            "What gear do you NEED to start MAKING MUSIC in 2020?",
            "Music Production 4 Dummies",
            "Making Music but every sound is Chrome Music Lab",
            "The Big Question: How To Make a Living In Music?",
            "[HINDI] Beat Making For Beginners | Music Production - Part 2 | Mix With Vasudev",
            "Making Music A Meaningful Art Expression Not A Headless, Money Spinner | THE ADVOCATE NG",
            "Making Music but only My Girlfriend can hear it",
            "Peppa Pig Official Channel | Peppa Pig Makes Musical Instruments",
            "MAKING SONG IN 24 HOURS CHALLENGE  | Rimorav Vlogs",
            "Dan Reynolds from Imagine Dragons Making Music on Twitch | 1",
            "Avicii in the studio  - The Making of Dancing In My Head",
            "Avicii - Without You (The Making Of) ft. Sandro Cavazza",
            "Making Music but every sound is Google Translate",
            "How to make DIY Musical Instruments for Kids!!",
            "Making Music in Fortnite Creative Mode",
            "Big Sean Speaks On His Process Of Making Music",
            "Creating Music Using The Fibonacci Sequence",
            "Coding with micro:bit - Part 4 - Making Music",
            "Making Music but every sound is ASMR #2",
            "Making Music but every sound is ASMR #2",
            "How to MAKE MUSIC with BandLab on a COMPUTER!",
            "Making Music in Virtual Reality #1",
            "Monday Morning JAZZ - Positive Instrumental Morning Jazz Music, Bossa Nova to Chill Out, Good Mood",
            "How Making Music Helps My Anxiety #Shorts",
            "Making Music 17 - Wake and Shake",
            "Making Music Using ONLY AUDACITY",
            "Tu Hi Hai Aashiqui Arijit Singh | Song Making | Dishkiyaoon | Harman Baweja, Ayesha Khanna",
            "HOUSE MUSIC (live making) - NI MASCHINE performance",
            "MAKING MUSIC WITH SPOCK",
            "RZA Breaks Down the Cost of Making Music",
            "SPACES: Inside the Tiny Bedroom Where FINNEAS and Billie Eilish Are Redefining Pop Music",
            "Making Music but every sound is My Singing Monsters",
            "Making a Song From Start to Finish with Ski Oakenfull Ft. Kingpin [ABLETON LIVE 11]",
            "MONDAY MORNING JAZZ: Positive Instrumental Morning Jazz & Bossa Nova Music for Good Mood",
            "Making Music with Pascal's Triangle + the LOCRIAN scale [RIFFING WITH MODES #7]",
            "Making music without hearing it",
            "Classical Musicians Make Violin Pop Music!?",
            "Weekend Jazz: Cozy Beach Ambience with Relaxing Jazz - Crackling Fireplace for Sleeping",
            "How To Make A Music Website Using HTML CSS JavaScript | Add Music In HTML Website",
            "Making Music in Dreams (PS4)",
            "Making Music Without a Computer - Dawless Jammin'",
            "Interchange 3 (14. Making music)",
            "The Making Of Ariana Grande's \"thank u, next\" With Social House & TBHits | Deconstructed",
            "Night Paris JAZZ - Slow Sax Jazz Music - Relaxing Background Music",
            "I created my own music making app.",
            "\"Chammak Challo Song Making\" Feat. Akon, Vishal & Shekhar",
            "Resident Evil Village - Making Of \"Village of Shadows\" Theme Song",
            "Making Music With A Nokia 3310",
            "Woman says dancing doctor left her disfigured while making music video during surgery",
            "Making of Vashmalle Song | Thugs Of Hindostan | Amitabh Bachchan, Aamir Khan, Prabhudeva, Ajay-Atul",
            "How To Write Music - Scoring Step By Step",
            "HOW TO MAKE MUSIC WITHOUT KNOWING ANY MUSIC THEORY",
            "Ed Sheeran and Benny Blanco - The Making of \"Love Yourself\" (released by Justin Bieber)",
            "What music gear do you actually need?",
            "Making Popular Songs with Music Blocks in Fortnite! (Noob vs Pro)",
            "How To Make Money From Your Music in 2020",
            "Making Music With Things I Bought On Etsy",
            "Making Music with My Singing Monsters Composer #2",
            "Making A Living In Music (2019 Update)",
            "Using the Nintendo Labo Piano to Make Music",
            "How To Stay Motivated to Produce Music",
            "how to make a song with the worst sounds ever...",
            "Making Music | Hi-5 - Season 13 Song of the Week | Kids Songs",
            "Making Music BUT Every Sound is My Voice",
            "How To Make Trap Music - FL Studio Akai Fire Beat Making",
            "Making Your FIRST Song in Ableton Live 10 (Using Default Ableton Plugins/Instruments)",
            "Concert 11 | Making Music Virtual Concert Series",
            "How to make Music for your Game - BOSCA CEOIL",
            "12 Things That Kill Your Creativity When Making Music",
            "Making Music with STUFF FROM KITCHEN",
            "Easily finish songs // My Favorite method to make music.",
            "How To Write A Song In 5 Minutes On The Piano",
            "Making Music With A Raven",
            "How To START Making MUSIC | Output Arcade Tutorial",
            "Billie Eilish and Finneas Break Down Her Hit Song 'Bad Guy'",
            "25 FREE Music Making Apps for iOS | NO IAP - haQ attaQ",
            "ONE OK ROCK - Making of Music Video for Renegades",
            "Wintergatan - Marble Machine (music instrument using 2000 marbles)",
            "How To Make Music On Soundtrap | Intro Tutorial",
            "How Music Was Made On Super Nintendo",
            "MPK mini | Making Your First Pop Song",
            "Beginners Guide to Music Production - 2018 (Improved)",
            "How To Make House Music | Ableton Live Music Production Tutorial With Lewis Beck",
            "Making music with ALFIE TEMPLEMAN! | BLANKS INVITES",
            "Making Music in Super Mario Maker 2"
        ]
    }
}