{
    "3b1b": {
        "clickbait_avg_views": 641657.5,
        "noclickbait_avg_views": 1618511.4070796461,
        "clickbait_noclickbait_avg_ratio": 0.3964491675457338,
        "clickbait_per_video": 0.017391304347826087,
        "video_counts": 115,
        "clickbait_video_count": 2,
        "noclclickbait_video_count": 113,
        "total_views": 184175104,
        "clickbait_views": 1283315,
        "noclclickbait_views": 182891789,
        "result": [
            false,
            false,
            false,
            false,
            false,
            false,
            false,
            false,
            false,
            false,
            false,
            false,
            false,
            false,
            false,
            false,
            false,
            false,
            false,
            false,
            false,
            false,
            false,
            false,
            false,
            false,
            false,
            false,
            false,
            false,
            true,
            false,
            false,
            false,
            false,
            false,
            false,
            false,
            false,
            false,
            false,
            false,
            false,
            false,
            false,
            false,
            false,
            false,
            false,
            false,
            false,
            false,
            false,
            false,
            false,
            false,
            false,
            false,
            false,
            false,
            false,
            false,
            false,
            false,
            false,
            false,
            false,
            false,
            false,
            false,
            false,
            false,
            false,
            false,
            false,
            false,
            false,
            true,
            false,
            false,
            false,
            false,
            false,
            false,
            false,
            false,
            false,
            false,
            false,
            false,
            false,
            false,
            false,
            false,
            false,
            false,
            false,
            false,
            false,
            false,
            false,
            false,
            false,
            false,
            false,
            false,
            false,
            false,
            false,
            false,
            false,
            false,
            false,
            false,
            false
        ],
        "view": [
            "884233",
            "2202717",
            "1539053",
            "180613",
            "6368530",
            "9456949",
            "2429725",
            "408393",
            "2187285",
            "1599126",
            "2281260",
            "3601358",
            "6112693",
            "490770",
            "264749",
            "9819146",
            "1154462",
            "1259785",
            "2097524",
            "652623",
            "543319",
            "2027134",
            "4471268",
            "1517859",
            "5750569",
            "1383493",
            "1130149",
            "584095",
            "9236277",
            "2462973",
            "792392",
            "439",
            "3009242",
            "1357747",
            "722187",
            "825949",
            "2442280",
            "1047237",
            "2327865",
            "1370716",
            "2067602",
            "1558266",
            "3212180",
            "4246934",
            "2069076",
            "490088",
            "1383493",
            "2067602",
            "5845715",
            "2939938",
            "2812991",
            "490088",
            "4608737",
            "1336113",
            "509035",
            "725186",
            "703010",
            "2069076",
            "645504",
            "585578",
            "1437863",
            "1053137",
            "900191",
            "603670",
            "15235",
            "48266",
            "1580164",
            "861694",
            "847351",
            "354170",
            "1461245",
            "1012455",
            "1753563",
            "121975",
            "2592274",
            "677774",
            "370064",
            "490923",
            "402881",
            "889003",
            "175390",
            "850842",
            "478597",
            "507116",
            "1254123",
            "1133886",
            "28832",
            "2573746",
            "148797",
            "129002",
            "140411",
            "715296",
            "1774474",
            "2785443",
            "623",
            "655667",
            "746600",
            "1098121",
            "1044840",
            "38454",
            "545169",
            "2484",
            "280795",
            "2163898",
            "666555",
            "365803",
            "778149",
            "2352865",
            "89724",
            "313808",
            "5",
            "2699434",
            "893894",
            "461641",
            "446326"
        ],
        "title": [
            "How (and why) to raise e to the power of a matrix | DE6",
            "Differential equations, a tourist's guide | DE1",
            "Group theory, abstraction, and the 196,883-dimensional monster",
            "Other math channels you'd enjoy",
            "The most unexpected answer to a counting puzzle",
            "But how does bitcoin actually work?",
            "Eigenvectors and eigenvalues | Chapter 14, Essence of linear algebra",
            "Math Meme Review with Grant Sanderson (3Blue1Brown)",
            "Divergence and curl:  The language of Maxwell's equations, fluid flow, and more",
            "Euler's formula with introductory group theory",
            "Visualizing quaternions (4d numbers) with stereographic projection",
            "The unexpectedly hard windmill question (2011 IMO, Q2)",
            "But what is a Fourier series?  From heat flow to drawing with circles | DE4",
            "Sneaky Topology | The Borsuk-Ulam theorem and stolen necklaces",
            "A quick trick for computing eigenvalues | Chapter 15, Essence of linear algebra",
            "The hardest problem on the hardest test",
            "Why slicing a cone gives an ellipse",
            "Bayes theorem",
            "Who cares about topology?   (Inscribed rectangle problem)",
            "Tattoos on Math",
            "Why 5/3 is a fundamental constant for turbulence",
            "How secure is 256 bit security?",
            "Vectors | Chapter 1, Essence of linear algebra",
            "Backpropagation calculus | Chapter 4, Deep learning",
            "Exponential growth and epidemics",
            "But what is a partial differential equation?  | DE2",
            "Integration and the fundamental theorem of calculus | Chapter 8, Essence of calculus",
            "Why Bayes rule is nicer with odds",
            "But what is a neural network? | Chapter 1, Deep learning",
            "All possible pythagorean triples, visualized",
            "The impossible chessboard puzzle",
            "ManimCE or Manim 3B1B?",
            "Visualizing the Riemann zeta function and analytic continuation",
            "The more general uncertainty principle, beyond quantum",
            "The three utilities puzzle with math/science YouTubers",
            "Hamming codes and error correction",
            "What is backpropagation really doing? | Chapter 3, Deep learning",
            "Music And Measure Theory",
            "Feynman's Lost Lecture (ft. 3Blue1Brown)",
            "Dot products and duality | Chapter 9, Essence of linear algebra",
            "The paradox of the derivative | Chapter 2, Essence of calculus",
            "Pi hiding in prime regularities",
            "Why is pi here?  And why is it squared?  A geometric answer to the Basel problem",
            "But why is a sphere's surface area four times its shadow?",
            "What's so special about Euler's number e? | Chapter 5, Essence of calculus",
            "Binary, Hanoi and Sierpinski, part 1",
            "But what is a partial differential equation?  | DE2",
            "The paradox of the derivative | Chapter 2, Essence of calculus",
            "But what is the Fourier Transform?  A visual introduction.",
            "The other way to visualize derivatives | Chapter 2, Essence of calculus",
            "What does it feel like to invent math?",
            "Binary, Hanoi and Sierpinski, part 1",
            "The essence of calculus",
            "Binomial distributions | Probabilities of probabilities, part 1",
            "The Wallis product for pi, proved geometrically",
            "Winding numbers and domain coloring",
            "Cross products in the light of linear transformations | Chapter 11, Essence of linear algebra",
            "What's so special about Euler's number e? | Chapter 5, Essence of calculus",
            "Triangle of Power",
            "Quaternions and 3d rotation, explained interactively",
            "Some light quantum mechanics (with minutephysics)",
            "Visualizing the chain rule and product rule | Chapter 4, Essence of calculus",
            "Complex number fundamentals | Lockdown math ep. 3",
            "What Makes People Engage With Math | Grant Sanderson | TEDxBerkeley",
            "Advice for using Manim | Grant Sanderson and Lex Fridman",
            "Power Tower with 3Blue1Brown",
            "Inverse matrices, column space and null space | Chapter 7, Essence of linear algebra",
            "The simpler quadratic formula | Lockdown math ep. 1",
            "What does area have to do with slope? | Chapter 9, Essence of calculus",
            "The quick proof of Bayes' theorem",
            "Hilbert's Curve: Is infinite math useful?",
            "Cross products | Chapter 10, Essence of linear algebra",
            "Matrix multiplication as composition | Chapter 4, Essence of linear algebra",
            "What is a Discrete Fourier Transform? | Week 14 | MIT 18.S191 Fall 2020 | Grant Sanderson",
            "Thinking outside the 10-dimensional box",
            "Q&A with Grant Sanderson (3blue1brown)",
            "Euler's Formula and Graph Duality",
            "The almost impossible chessboard puzzle",
            "Logarithm Fundamentals | Lockdown math ep. 6",
            "The Brachistochrone, with Steven Strogatz",
            "Grant Sanderson: Math, Manim, Neural Networks & Teaching with 3Blue1Brown | Lex Fridman Podcast #118",
            "Abstract vector spaces | Chapter 16, Essence of linear algebra",
            "Tips to be a better problem solver [Last lecture] | Lockdown math ep. 10",
            "What is Euler's formula actually saying? | Lockdown math ep. 4",
            "Darts in Higher Dimensions (with 3blue1brown) - Numberphile",
            "Implicit differentiation, what's going on here? | Chapter 6, Essence of calculus",
            "The Accidental Streamer (with 3blue1brown) - Numberphile Podcast",
            "Fractals are typically not self-similar",
            "Snell's law proof using springs",
            "Manim tutorial | Introduction: What is Manim?",
            "Q&A #2 + Net Neutrality Nuance",
            "Trigonometry fundamentals | Lockdown math ep. 2",
            "Derivative formulas through geometry | Chapter 3, Essence of calculus",
            "Linear combinations, span, and basis vectors | Chapter 2, Essence of linear algebra",
            "Matrix multiplication visualization using 3b1b's animation library",
            "What makes the natural log \"natural\"? | Lockdown math ep. 7",
            "Solving the heat equation | DE3",
            "Three-dimensional linear transformations | Chapter 5, Essence of linear algebra",
            "Change of basis | Chapter 13, Essence of linear algebra",
            "Zeta",
            "Pure Fourier series animation montage",
            "Visualizing image manipulation using 3b1b library",
            "Convolutions in image processing | Week 1 | MIT 18.S191 Fall 2020 | Grant Sanderson",
            "The determinant | Chapter 6, Essence of linear algebra",
            "Cramer's rule, explained geometrically | Chapter 12, Essence of linear algebra",
            "Q&A with Grant (3blue1brown), windy walk edition",
            "How colliding blocks act like a beam of light...to compute pi.",
            "e to the pi i, a nontraditional take (old version)",
            "3Blue1Brown & Mathematics | Siraj Raval Podcast #3",
            "The DP-3T algorithm for contact tracing (via Nicky Case)",
            "3b1b",
            "Linear transformations and matrices | Chapter 3, Essence of linear algebra",
            "How pi was almost 6.283185...",
            "Hamming codes part 2, the elegance of it all",
            "The power tower puzzle | Lockdown math ep. 8"
        ]
    }
}