{
    "electric guitar performance": {
        "clickbait_avg_views": 6130220.285714285,
        "noclickbait_avg_views": 5238819.397590362,
        "clickbait_noclickbait_avg_ratio": 1.170153009766653,
        "clickbait_per_video": 0.14432989690721648,
        "video_counts": 97,
        "clickbait_video_count": 14,
        "noclclickbait_video_count": 83,
        "total_views": 520645094,
        "clickbait_views": 85823084,
        "noclclickbait_views": 434822010,
        "result": [
            false,
            false,
            true,
            false,
            false,
            false,
            false,
            false,
            true,
            false,
            false,
            false,
            true,
            false,
            false,
            false,
            false,
            false,
            false,
            false,
            false,
            false,
            false,
            false,
            false,
            true,
            false,
            false,
            false,
            false,
            false,
            false,
            false,
            false,
            false,
            false,
            false,
            false,
            false,
            true,
            false,
            false,
            false,
            false,
            false,
            false,
            false,
            false,
            false,
            false,
            false,
            false,
            false,
            false,
            false,
            false,
            false,
            false,
            false,
            false,
            false,
            false,
            false,
            true,
            false,
            false,
            true,
            false,
            false,
            false,
            true,
            true,
            false,
            false,
            false,
            false,
            false,
            false,
            false,
            false,
            false,
            true,
            false,
            true,
            false,
            true,
            false,
            false,
            false,
            false,
            false,
            false,
            false,
            false,
            false,
            true,
            true
        ],
        "view": [
            "3778268",
            "110933735",
            "14857009",
            "235820",
            "2128620",
            "4915101",
            "356865",
            "2834362",
            "12031478",
            "1324589",
            "16887202",
            "7767107",
            "41259289",
            "583906",
            "16226703",
            "524734",
            "3759104",
            "1484945",
            "176768",
            "526033",
            "16580104",
            "181386",
            "1848062",
            "206564",
            "21531",
            "97662",
            "1033085",
            "578886",
            "57364",
            "541078",
            "1386967",
            "6475",
            "9964008",
            "7741714",
            "466929",
            "111653",
            "1553057",
            "800514",
            "48002",
            "76628",
            "21419",
            "5083211",
            "179106",
            "71613992",
            "25628",
            "20118890",
            "85820",
            "130127",
            "124216",
            "150638",
            "474082",
            "2729044",
            "193138",
            "49627",
            "226690",
            "528196",
            "139032",
            "75731",
            "114893",
            "54510",
            "28242",
            "80052",
            "4052806",
            "3775298",
            "1234222",
            "52168",
            "647325",
            "2815",
            "20591058",
            "13664306",
            "19385",
            "841989",
            "103",
            "1929474",
            "435804",
            "3475498",
            "17308976",
            "307",
            "2437721",
            "17047982",
            "1263637",
            "7485003",
            "442",
            "22046",
            "22583291",
            "6351",
            "125249",
            "50358",
            "490",
            "83632",
            "215204",
            "215602",
            "1429320",
            "3868179",
            "2955841",
            "1020",
            "4702601"
        ],
        "title": [
            "12-Year-Old Kid Destroys Opponents in Guitar Shred-Off",
            "Canon Rock - Jerry C cover by Laura Lace",
            "Joe Satriani - Made of Tears (from Satriani LIVE!)",
            "Still Got The Blues - Amazing Street Electric Guitar Performance - Cover by Damian Salazar",
            "High School Talent Show Guitar Medley",
            "Emotional Solo on electrified Guitar by Tash Sultana performing Jungle",
            "Amazing electric guitar sounds at the speed of light",
            "15 Greatest Guitar Solos of All Time",
            "SLASH - GODFATHER THEME",
            "9 Years Old Guitarist Taj Farrant WOWS the judges | Australia Got Talent 2019",
            "Canon Rock - Cole Rolland (Guitar Cover)",
            "The Most Unexpected Acoustic Guitar Performance | The Showhawk Duo  | TEDxKlagenfurt",
            "Marcin Patrzalek: Polish Guitarist MURDERS His Guitar! WOW! | America's Got Talent 2019",
            "Fingers Of Fire | Best Shred Guitar Solo Performance On Got Talent",
            "Van Halen Eruption Guitar Solo",
            "Top 10 Unforgettable Guitar Solos Played In Street. World must see !!!",
            "Angus Young (AC/DC) \"Awesome Guitar Solo\"",
            "Best Guitar players on Got Talent Ever - 2020 edition - Talented people",
            "SENSUS Smart Guitar Performance",
            "This Is Amazing Grace - Phil Wickham - Kemper Performance & electric guitar cover",
            "Taylor Performs \"Wildest Dreams\" at The GRAMMY Museum",
            "George Michael - Careless Whisper - Amazing street guitar performance - Cover by Damian Salazar",
            "Alexi Laiho Style Fast Shred Guitar Solo Performance by Andy James | Quick Licks DVD Licklibrary",
            "Radiohead - Just - Guitar Performance with Jamie Humpries Licklibrary",
            "Good performances with electric guitars in The Voice",
            "Rock Wedding March on Electric Guitar [PERFORMANCE]",
            "Flight Of The Bumble Bee - Guitar Performance With Nick Andrew Licklibrary",
            "Guitar Solo Battle with H.E.R.",
            "Kraft Music - Yamaha APX500III Acoustic Electric Guitar Performance with Jake Blake",
            "What A Beautiful Name - Hillsong Worship - Kemper Performance & Electric guitar play through",
            "Don't Cry - Amazing guitar performance in Buenos Aires streets - Cover by Damian Salazar",
            "Guitar Performance | Disha Delphi Public School | Annual Function 2017 - 18",
            "GREATEST Guitar Auditions On Got Talent, X Factor and Idols | Amazing Auditions",
            "Taylor Swift: NPR Music Tiny Desk Concert",
            "Queen - Brian May 12 string acoustic guitar performance - From A Night At The Opera 30th",
            "I Surrender - Hillsong Worship - Electric guitar cover w/ Line 6 Helix",
            "An electrifying acoustic guitar performance | Rodrigo y Gabriela",
            "The Worst Fake Guitar Playing of All Time",
            "Breedlove 2015 Stage Concert Cutaway Acoustic-Electric Guitar",
            "Despacito Guitar ROCK Solo..Live on Stage",
            "Andy James - Bullet In The Head - Electric Guitar Cover by Kevin Zugschwert",
            "Michael Jackson - Beat It - Van Halen - Amazing guitar performance in Buenos Aires streets - Cover",
            "Quick Guitar Tips #7 - Set Your Strap For Optimum Performance - Guitar Lesson [QT-007]",
            "AC/DC - Let There Be Rock (Live At River Plate, December 2009)",
            "Yamaha F310 Acoustic Guitar Performance Pack Overview",
            "Chris Stapleton - I Was Wrong (Austin City Limits Performance)",
            "Stu Hamm - Going To California - Bass Guitar Performance",
            "The Voice: Perfomances  of Singers who used electric guitar",
            "King of My Heart - Bethel - Kemper Performance demo // Electric guitar cover",
            "8 Best Guitar Starter Packs - Cheap Guitar & Amp Packages That Don't Suck - Unboxing & Demo",
            "Guitar looping Live Performance | Beautiful and Powerful |",
            "Stairway to Heaven (Jimmy Page/Robert Plant) - Danish Guitar Performance - Soren Madsen",
            "John Patitucci Electric Guitar Quartet - Jazzfest Bonn 2017 fragm.",
            "Stu Hamm - Star Spangled Banner - Bass Guitar Performance",
            "Roland Experience - V-Drums and V-Guitar Session: \"Into the Fire\"",
            "Epiphone Slash \"AFD\" Les Paul Special-II Guitar Outfit",
            "Cenk Erdogan Plays Marchione Fretless Electric Guitar",
            "Yamaha FG830 Acoustic Guitar Performance",
            "Ghungroo Song - War - Arijit Singh | Shilpa Rao - Electric Guitar Cover By Rafay Zubair",
            "The Godin A12.  The Ultimate Performance 12 String Guitar",
            "12th Grader Shredding the National Anthem on Electric Guitar",
            "Yamaha AC3R Acoustic-Electric Concert Size Guitar Overview | Full Compass",
            "13 Embarrassing Guitar Fails",
            "Top 10 BEST Male Acoustic Guitar Performances EVER | Got Talent Global",
            "Cort Electric Guitar Factory Tour - Full tour of how an electric guitar is made",
            "Reckless Love - Cory Asbury - Kemper Performance & Electric Guitar cover",
            "PURPLE RAIN | Instrumental Guitar Performance on Prince Signature Cloud Guitar",
            "One of the Finest Guitarist (Live Performance) . Nagin Dance On Electric Guitar",
            "Stevie Ray Vaughan - Best Guitar Player - Sound Check - What?!",
            "Nothing Else Matters by Metallica - Danish Guitar Performance - Soren Madsen",
            "America's Got Talent 2020: BIG SURPRISE! Glam ROCKER WOWS JUDGES with his electric guitar skills",
            "This Guitar is Made 100% of GLASS and Sounds BEAUTIFUL",
            "Guy Buttery - \"Live from Another Time\" Trailer - A Concert Film (featuring Kaki King)",
            "Guitar Center Sessions: Dick Dale - Misirlou",
            "Jerry Reed's Guitar - Doyle Dykes @ Guild Master Performance Series",
            "Jaden - Cabin Fever (GRAMMY Museum at Home Series Performance)",
            "Tash Sultana: Tiny Desk Concert",
            "#TSontheroad - EP 01 - The Evil Returns To Europe",
            "Top 5 John Mayer Solos",
            "The Jimi Hendrix Experience - Voodoo Child (Slight Return) (Live In Maui, 1970)",
            "Guthrie Govan - Ner Ner - Guitar Performance Live - Licklibrary Webcast",
            "Taylor Swift - Acoustic Performances from RED Album",
            "Red Hot Chili Peppers F*ck 2021 Just In Case Party #23 - Josh Klinghoffer Era Mashup, Live Comp.",
            "LIVE GUITAR SOLO Performance | PDA Engineering College NIRMAN 2K18",
            "Purple Haze (Live at the Atlanta Pop Festival) (Digital Video)",
            "LAJAN SERE KLASS LIVE @ BENTLEY'S 05 29 2021",
            "Maneli Jamal - Guitar Performance - Guitar Idol III Live Final",
            "Massimo Varini Live Acoustic Guitar Performance at TrueFire - Part 1",
            "Electric guitar VS Sound Performance",
            "How to Get a Good Guitar Tone with Ableton Live",
            "How to Use a Looper Pedal | Guitar Lesson",
            "Malaguena by Soren Madsen - Danish Guitar Performance - Soren Madsen",
            "The Unforgiven by Metallica - Danish Guitar Performance - Soren Madsen",
            "Autumn leaves - Achim Kohl - Jazz Guitar Improvisation with chord solo and tabs",
            "YNW Melly \"Murder On My Mind\" (Live Guitar Version) | Fine Tuned",
            "Rocksmith 100% | Orbit Culture - Wildfire | D Drop C | Lead Guitar | Guitar Cover",
            "TOP 20 ELECTRIC GUITAR INTROS OF ALL TIME"
        ]
    }
}