{
    "minecraft speedrun": {
        "clickbait_avg_views": 2615328.25,
        "noclickbait_avg_views": 5811891.603773585,
        "clickbait_noclickbait_avg_ratio": 0.44999604746618155,
        "clickbait_per_video": 0.4536082474226804,
        "video_counts": 97,
        "clickbait_video_count": 44,
        "noclclickbait_video_count": 53,
        "total_views": 423104698,
        "clickbait_views": 115074443,
        "noclclickbait_views": 308030255,
        "result": [
            false,
            true,
            true,
            false,
            true,
            true,
            true,
            false,
            true,
            true,
            false,
            false,
            true,
            true,
            false,
            true,
            true,
            false,
            true,
            false,
            false,
            true,
            true,
            false,
            true,
            true,
            true,
            true,
            true,
            false,
            false,
            false,
            false,
            true,
            true,
            false,
            false,
            false,
            true,
            false,
            false,
            true,
            true,
            true,
            true,
            false,
            false,
            false,
            true,
            true,
            false,
            true,
            true,
            true,
            false,
            false,
            false,
            false,
            false,
            false,
            true,
            true,
            false,
            false,
            false,
            true,
            false,
            true,
            false,
            false,
            false,
            false,
            true,
            false,
            false,
            false,
            false,
            true,
            false,
            false,
            false,
            false,
            false,
            true,
            true,
            false,
            false,
            true,
            false,
            false,
            false,
            true,
            true,
            true,
            true,
            false,
            false
        ],
        "view": [
            "25860812",
            "3204929",
            "5164",
            "6445747",
            "2867315",
            "10508",
            "10715557",
            "17545948",
            "1678048",
            "22264595",
            "41294082",
            "23800",
            "1001446",
            "24209",
            "18155",
            "206786",
            "78941",
            "690338",
            "446911",
            "4383426",
            "331748",
            "973417",
            "73962",
            "13201705",
            "120565",
            "4519887",
            "71862",
            "40996708",
            "689",
            "3884812",
            "137535",
            "298080",
            "552546",
            "126278",
            "253072",
            "485159",
            "4368331",
            "72314614",
            "621423",
            "633947",
            "1280132",
            "526643",
            "997673",
            "367785",
            "4045453",
            "2594365",
            "12227",
            "7365375",
            "28936",
            "1348395",
            "467761",
            "356417",
            "12350",
            "54368",
            "237449",
            "13236544",
            "586843",
            "546521",
            "5425950",
            "3253199",
            "553991",
            "6863097",
            "585998",
            "46959",
            "1362825",
            "807777",
            "1417611",
            "76819",
            "77920",
            "830519",
            "48595415",
            "343863",
            "1023425",
            "1395666",
            "54683",
            "391",
            "1056395",
            "423580",
            "7377",
            "11529",
            "14493",
            "954",
            "785628",
            "387304",
            "253168",
            "1229879",
            "30857",
            "3452859",
            "128970",
            "11361554",
            "10777371",
            "1102",
            "2479650",
            "166544",
            "584835",
            "380509",
            "55738"
        ],
        "title": [
            "Minecraft Speedrun World Record 1.15",
            "MINECRAFT WORLD RECORD SPEEDRUN IN UNDER 14 MINUTES [13:53]",
            "So I beat Minecraft in Record Time TWICE | 1.16.1 RSG Speedrun [14:48]",
            "SPEEDRUN (Minecraft Animation)",
            "Minecraft 1.16 Speedrun [1:12] (WORLD RECORD)",
            "I beat Minecraft in UNDER 15 Minutes again | 1.16 RSG Speedrun [14:00]",
            "NEW MINECRAFT WORLD RECORD! | 3:59.71 Speedrun",
            "Minecraft Speedrun World Record 1.14",
            "MINECRAFT 1.16.1 SPEEDRUN WORLD RECORD | 14:36 (FWR)",
            "Minecraft ANIMATED SPEEDRUN",
            "Minecraft Speedrunner VS 5 Hunters",
            "The HARDEST Minecraft Speedrun Category - How Sizzler Set an Insane World Record",
            "So how much easier are Minecraft Speedruns IF you cheat?",
            "The ACTUAL Fastest Possible Minecraft 1.16 RSG Speedrun...",
            "12:18 Minecraft 1.16+ RSG Speedrun",
            "MINECRAFT WORLD RECORD SPEEDRUN IN 9:36?!",
            "Getting my THIRD Sub 15 Minecraft Speedrun LIVE",
            "Minecraft speedruns be like (original)",
            "Pro Speedrunner REACTS to Sub 10 Minecraft Speedrun WORLD RECORD",
            "i speedrun bad minecraft",
            "Minecraft 1.16 speedrun (15:56)",
            "MINECRAFT SPEEDRUN WORLD RECORD",
            "I Reran my BEST Minecraft Speedrun in 7 MINUTES",
            "fake minecraft speedruns be like",
            "I beat the NEW SLOWEST Minecraft Speedrun in 12 Minutes..",
            "Hilariously FAKE Minecraft Speedruns...",
            "I set a Minecraft Speedrun Record by Building THIS House",
            "Minecraft Speedrunner VS 4 Hunters GRAND FINALE",
            "The CRAZIEST Minecraft Speedrun You Will EVER See",
            "If MrBeast did a Minecraft Speedrun",
            "Minecraft Hardcore, but it's a World Record Speedrun",
            "Minecraft 1.16 RSG WR 9:36",
            "Minecraft Speedrun Be Like...",
            "MY COOLEST MINECRAFT SPEEDRUN",
            "Minecraft 1.16 Speedrun World Record TIE",
            "[MINECRAFT] SpeedRun Practice",
            "I Speedrun Minecraft - Minecraft Hardcore #18",
            "Minecraft Speedrunner VS 4 Hunters",
            "xQc Reacts to NEW Minecraft Speedrun World Record (Sub 10 Minutes)",
            "The New Minecraft World Record is SUS | Speedrun Analysis",
            "i speedrun phone minecraft",
            "NEVER GIVE UP! - NEW MINECRAFT SPEEDRUN RECORD! - xQc 1.16 Personal Best 20:45!",
            "Worlds FUNNIEST FAKE Minecraft SPEEDRUNS...",
            "xQc Reacts to NEW Minecraft Speedrun World Record!",
            "These are the FUNNIEST FAKE Minecraft Speedruns...",
            "The Minecraft Speed Run Record Was Beaten... By A PS4 Player??",
            "10,000/Hour Simple AFK Minecraft Concrete Maker! | 1.16 Tutorial Speedrun",
            "I Became A Minecraft Speedrunner...",
            "Submitting a HILARIOUSLY FAKE Minecraft SPEEDRUN...",
            "FAKE Minecraft Speedrun VS Normal Speedrun",
            "I Beat the Minecraft World Record. Again.",
            "Worlds MOST HILARIOUS Fake Minecraft SPEEDRUNS...",
            "TOP 5 MINECRAFT SPEEDRUN 11:58 (1.16 RSG PB)",
            "GUILTY or CLUELESS? Dream admits he cheated the Minecraft Speedrun",
            "The Greatest Speedrun in Minecraft History | World Record Analysis",
            "Minecraft SSG Speedrun / PB of 8:03.05",
            "Will This Exploit Destroy Minecraft Speedrunning?",
            "How to Speedrun Minecraft Fast! [Minecraft 1.16 Speedrun Tutorial]",
            "If Technoblade did a Minecraft Speedrun",
            "I Tried to Speedrun Minecraft Education Edition",
            "xQc Reacts to NEW Minecraft 1.16.1 Speedrun World Record (11:53)",
            "The FUNNIEST FAKE Minecraft SPEEDRUNS...",
            "Minecraft Speedrun with OGGY (Minecraft 1.16.2)",
            "VOD - Terracid // Speedrun Minecraft (PB 49:48)",
            "dumb minecraft speedruns",
            "10 Things Only Speedrunners Know in Minecraft 1.16!",
            "Speedrun: BLOOPERS (Minecraft Animation)",
            "The most INSANE Minecraft Speedrun Seed from a Subscriber",
            "How I Almost beat my Best Minecraft Speedrun",
            "I finally beat my Minecraft speedrunning record (17:21)",
            "Minecraft Speedrunner VS 3 Hunters",
            "George Speedrunning Minecraft in 1.16 and Beats his Record - (Stream Highlights)",
            "I Got Another Minecraft Speedrun WORLD RECORD",
            "The World Record History of Minecraft Speedruns",
            "eu joguei MINECRAFT SPEEDRUN com o JAZZGHOST",
            "Minecraft Speedrun: Legendary (34:24) [WR]",
            "Minecraft, but it's a Speedrun to Beat the Game",
            "Submitting a RIDICULOUSLY FAKE Minecraft SPEEDRUN...",
            "Sus town speedrun in Minecraft",
            "Dream's punishment for cheating his Minecraft speedruns",
            "Beating Minecraft in less than 8 Minutes | FSG Speedrun",
            "Minecraft RSG Speedrun in 26:55 (1.16.1)",
            "i speedrun minecraft education edition",
            "BEST SEED For Minecraft SPEEDRUNNING  #Shorts",
            "20 MINECRAFT SPEEDRUNNING TIPS FOR ANY PLAYER!",
            "The Minecraft Speedrun that changed everything...",
            "Minecraft 1.16 Speedrun in 17:44 [Personal Best]",
            "MINECRAFT SPEEDRUN GRINDING | UJJWAL GAMER",
            "I found this Crazy Minecraft Seed to Speedrun on Reddit...",
            "Speedrunning Minecraft As Conjoined Twins...",
            "Parkour Spiral v2 Speedrun in 7:47",
            "Tubbo, Ranboo, Fundy \"BREAK\" The SPEEDRUN WORLD RECORD in \"Minecraft 4K\" on Speedrun.com as a JOKE!",
            "MINECRAFT SPEEDRUN ROAD TO 4 MILLION | UJJWAL GAMER",
            "Fooling My School Teacher With A HILARIOUS Fake Minecraft Speedrun...",
            "SPEEDRUNNING KHATARNAK MINECRAFT IN WORLD RECORD SEED ! (NOT FAKE)",
            "Minecraft's Most Incredible Speedruns",
            "Fooling My Friend With The FUNNIEST Fake Minecraft Speedrun..."
        ]
    }
}