{
    "playing cards": {
        "clickbait_avg_views": 478127.04545454547,
        "noclickbait_avg_views": 1262613.5147058824,
        "clickbait_noclickbait_avg_ratio": 0.3786804432914074,
        "clickbait_per_video": 0.39285714285714285,
        "video_counts": 112,
        "clickbait_video_count": 44,
        "noclclickbait_video_count": 68,
        "total_views": 106895309,
        "clickbait_views": 21037590,
        "noclclickbait_views": 85857719,
        "result": [
            true,
            true,
            false,
            true,
            true,
            true,
            true,
            true,
            true,
            false,
            false,
            false,
            true,
            true,
            false,
            true,
            true,
            true,
            true,
            true,
            true,
            false,
            true,
            false,
            false,
            false,
            false,
            true,
            true,
            true,
            false,
            true,
            false,
            true,
            false,
            false,
            false,
            false,
            false,
            false,
            false,
            true,
            false,
            true,
            false,
            false,
            false,
            false,
            false,
            false,
            true,
            false,
            true,
            false,
            false,
            false,
            false,
            true,
            false,
            true,
            false,
            false,
            true,
            true,
            false,
            false,
            false,
            false,
            true,
            false,
            true,
            false,
            false,
            true,
            true,
            true,
            false,
            false,
            false,
            true,
            false,
            false,
            false,
            false,
            true,
            false,
            false,
            true,
            false,
            false,
            true,
            true,
            false,
            false,
            false,
            false,
            false,
            false,
            false,
            true,
            false,
            false,
            false,
            false,
            true,
            false,
            false,
            true,
            false,
            false,
            true,
            false
        ],
        "view": [
            "592466",
            "1742154",
            "6540687",
            "1287971",
            "156581",
            "52492",
            "1011679",
            "574202",
            "58546",
            "34178",
            "6017182",
            "103547",
            "56702",
            "264979",
            "1793033",
            "2500983",
            "983642",
            "472438",
            "562665",
            "734537",
            "190836",
            "134822",
            "97717",
            "11755",
            "2142",
            "32009",
            "1579802",
            "2390506",
            "1951926",
            "208714",
            "21630675",
            "10346",
            "1506097",
            "289618",
            "11290",
            "1211",
            "7860",
            "1423",
            "1377041",
            "1811058",
            "125903",
            "937",
            "288359",
            "213402",
            "3593754",
            "18726",
            "1496",
            "1377041",
            "20703",
            "3080",
            "937",
            "3184",
            "1263",
            "12940",
            "2202728",
            "2698",
            "5614317",
            "16058",
            "988062",
            "5114",
            "2877",
            "4091408",
            "2112",
            "932358",
            "1839",
            "176846",
            "3549603",
            "27282",
            "403287",
            "340",
            "501052",
            "44230",
            "2884",
            "5704",
            "125373",
            "128910",
            "1991",
            "4091",
            "464924",
            "1856",
            "84123",
            "5934702",
            "3774",
            "19750",
            "107144",
            "28889",
            "5250",
            "541522",
            "1071459",
            "5899",
            "86446",
            "1309",
            "21008",
            "21008",
            "27942",
            "11171981",
            "64678",
            "10600",
            "5869",
            "961962",
            "6585",
            "11705",
            "12693",
            "16293",
            "274149",
            "1025239",
            "57206",
            "12946",
            "978122",
            "54563",
            "522049",
            "1263"
        ],
        "title": [
            "MY INSANE PLAYING CARD COLLECTION!! Over 2500 Decks!!",
            "BEST PLAYING CARDS - TOP 5",
            "Cardistry ASMR 7: Surprisingly Soothing Card-Shuffling",
            "3 EPIC Decks of Playing Cards You Won't Believe Exist!!",
            "These Playing Cards Are UNREAL!!",
            "My FAVORITE Playing Cards (TOP 5 MUST-HAVE DECKS)",
            "TOP 5 BEST CARD GAMES OF ALL TIME!!",
            "How to Stack Playing Cards | WIRED",
            "UNBOXING the *NEW* AVENGERS Playing Cards + Cardistry ASMR and GIVEAWAY!!",
            "History of Playing Cards explained in 5 Minutes.",
            "7 Easy Card Tricks to Shuffle the Cards Like a Pro",
            "Understanding Playing Cards",
            "CARDISTRY ASMR 14 // The Incredibly Intricate IRON MAN Playing Cards!!",
            "TOP 5 Playing Cards!",
            "Easy Beginner Card Trick to Fan a Deck of Cards Perfectly - Thumb Fan Tutorial",
            "How This Guy Stacks Playing Cards Impossibly High | Obsessed | WIRED",
            "Finding HIGH QUALITY playing cards for CHEAP!!",
            "UNBOXING THE RAREST DECKS OF PLAYING CARDS!!! (Mystery Decks!)",
            "Testing out INVISIBLE Playing Cards!!",
            "How to DRIBBLE Playing Cards - Tutorial",
            "CHESS PLAYING CARDS - These Cards Are Marked!",
            "Probability | playing Cards explanation in hindi.",
            "How to MAKE YOUR OWN CUSTOM DECK of Playing Cards!! // Tutorial",
            "Triangular playing cards? - Deck Review of Triangle Deck",
            "Probability - Playing cards",
            "#playingcardsenglish How to play donkey using playing cards English / How to play playing cards",
            "Wood Turning Playing Cards",
            "How to SHUFFLE Cards Like a Magician! TOP 5!",
            "Here's why DRAKE'S Playing Cards are Garbage...",
            "Are you PROTECTING your playing cards?!",
            "Playing Card Machine Gun- Card Throwing Trick Shots",
            "UNBOXING a MASSIVE LUXURY Playing Card Collection!! (extremely rare)",
            "Testing Out $800 LOUIS VUITTON Playing Cards!!",
            "UNBOXING the 99% PURE GOLD Playing Cards!! + Cardistry ASMR",
            "Deck Review - Mint 2 Playing Cards by 52Kards",
            "Deck Review - AVENGERS Infinity Saga playing cards by Theory 11",
            "REVIEWING the James Bond 007 Playing Cards by Theory11",
            "Deck Review - Avengers Infinity War Saga Playing Cards",
            "How To Play Solitaire",
            "Indians while playing Cards | Teen Patti | Funcho",
            "Top 5 Playing Cards Games HINDI | Family & Solo Playing Cards Games | How to Play //Chai And Games",
            "INSANE Playing Cards Collection",
            "Rs.1400 Deck Of Cards vs Rs. 14 Deck Of Cards",
            "Why The WEEKND'S Playing Cards are ALMOST Perfect..",
            "Giant Playing Cards",
            "how to play 28 card game malayalam/thuruppugulan card game/ playing cards malayalam",
            "Cards Unboxed Avengers Infinity Saga Playing Cards by Theory 11",
            "How To Play Solitaire",
            "Hudson Deck Review - Theory11 Playing Cards",
            "Process video - Altered playing cards with pockets",
            "INSANE Playing Cards Collection",
            "How to make 3D Playing Cards Art",
            "MY TOP 10 BEST PLAYING CARDS IN 2021!",
            "Provision Playing Cards From Theory Eleven Deck Review",
            "GTA Online - All 54 Playing Cards Locations and High Roller Outfit",
            "How to Make Playing Cards in 3D(Blender 2.8!)",
            "X-Ray Playing Cards",
            "\"Our MOST Luxurious Deck!\" Dan Buck Interview, The Standards Playing Cards from Art of Play Review",
            "The RAREST Deck of playing cards - $600?!",
            "MY TOP 100 PLAYING CARDS - My favorite decks of cards | Vlogmas Day 10",
            "Virtuoso P1 Playing Cards Deck Review! @thevirts",
            "2$ Deck of Cards vs 200$ Deck of Cards!!",
            "GLITCH DECK - Indian Playing Cards | Indian Deck Review | Best Deck For Magic ?",
            "MY EPIC PLAYING CARD COLLECTION!! 2017 (Over 2000 Decks!)",
            "Red Bicycle Playing Cards Review",
            "Easy Card Trick to Spread a Deck of Cards on the Table Like a Pro",
            "Playing Card Lego Gun",
            "Black Plastic Waterproof playing Cards (White And Blue)",
            "The Most UNIQUE Playing Cards!!",
            "Quantum - QED Playing Cards - Kickstarter Deck Preview!",
            "BLUE MEMENTO MORI PLAYING CARDS?!! WTF",
            "Does he or she love me? 4 Kings Reading using Playing Cards",
            "How to read playing cards for fortune telling and divination - part 1 - colours",
            "Is This The BEST Deck Of 2021? // IRON MAN Playing Cards By Card Mafia",
            "TRIUMPH VS USPCC PLAYING CARDS",
            "My TOP 5 FAVOURITE Deck of CARDS + GIVEAWAY",
            "DIY Storage Box Holder from Playing Cards - Step By Step Tutorial",
            "Full Bicycle Rider Back Playing Cards Review",
            "People While Playing Cards | The Half-Ticket Shows",
            "5 Things You Didn't Know About Playing Cards (The Last One Will Shock You)",
            "Best Device For Andar Bahar Cheating Playing Cards +91 8920171829",
            "Easy Card Trick You Can Learn at Home [Magic tutorials #29]",
            "All Black Playing Cards?! - BLVCK Paris Cards",
            "Chris Ramsay Memento Mori playing cards review - Original 1st Edition",
            "[PART 3: Playing Cards] The Krauts can't be as unfriendly as that, for Pete's sake - Hogan's Heroes",
            "Junk Journal Lets Play with Playing cards! Concertina Folder with Playing Cards The Paper Outpost!:)",
            "Perfect for Marvel fans? Avengers Playing Cards Deck Review 4K",
            "Learn 3 FIDGET MOVES with Playing Cards- Cardistry Tutorial (Ferris/Flirt/Prince Charming)",
            "Goblin playing cards by Gemini",
            "Learn How To Stack Playing Cards! (The Correct Way)",
            "[PART 4: Playing Cards] I think I just ran a four minute mile! - Hogan's Heroes",
            "The ULTIMATE Playing Cards Tier List!",
            "Deck Review: Star Wars Playing Cards by Theory 11",
            "Deck Review: Star Wars Playing Cards by Theory 11",
            "How To Do Divination With Playing Cards",
            "Extreme Playing Card Throwing: Accurate and Dangerous?",
            "How to build a 3D Star from Playing Cards!",
            "Massive Luxury Playing Cards Haul Unboxing!",
            "How to make box out of waste playing cards without any adhesive | Origami box idea | Diy Paper box",
            "I Spent $10,000.00 on Playing Cards!! Here's why...",
            "Sublimation Playing Cards Tutorial",
            "Indian Deck Unboxing | Diamond Playing Cards From  Ace Playing Cards Company | Review In Hindi |",
            "Full Deck Challenge | Altered playing cards | Intro and card  #1",
            "Print and Play Cards Made Like Playing Cards",
            "The BEST and WORST Playing Cards on KICKSTARTER!",
            "All playing card locations! - GTA Online guides",
            "How to get Pride Player Cards | Valorant [Redeem] - Revision Insane",
            "Difference between INDIAN PLAYING CARDS & PREMIUM PLAYING CARDS | Deck Review !",
            "Best Card Magic Trick Ever Revealed By Hindi Magic Tricks",
            "How to Make Prepreg Carbon Fiber Playing Cards in an Oven  [DIY]",
            "EXPERT PLAYING CARDS - Are they worth it??",
            "My Top 10 Games That Use Standard Playing Cards"
        ]
    }
}