{
    "davie504": {
        "clickbait_avg_views": 4675538.5,
        "noclickbait_avg_views": 2850118.25,
        "clickbait_noclickbait_avg_ratio": 1.6404717593734928,
        "clickbait_per_video": 0.6949152542372882,
        "video_counts": 118,
        "clickbait_video_count": 82,
        "noclclickbait_video_count": 36,
        "total_views": 485998414,
        "clickbait_views": 383394157,
        "noclclickbait_views": 102604257,
        "result": [
            true,
            true,
            false,
            false,
            false,
            true,
            true,
            true,
            true,
            false,
            true,
            false,
            true,
            true,
            false,
            true,
            false,
            true,
            true,
            true,
            false,
            true,
            false,
            true,
            true,
            false,
            true,
            true,
            true,
            false,
            true,
            true,
            true,
            true,
            false,
            true,
            true,
            true,
            false,
            false,
            false,
            true,
            true,
            false,
            true,
            false,
            true,
            true,
            false,
            true,
            true,
            true,
            false,
            false,
            false,
            true,
            false,
            true,
            true,
            false,
            true,
            true,
            false,
            true,
            true,
            true,
            true,
            true,
            false,
            false,
            true,
            true,
            true,
            true,
            false,
            true,
            true,
            true,
            true,
            true,
            true,
            false,
            true,
            true,
            true,
            true,
            false,
            true,
            true,
            false,
            true,
            true,
            true,
            true,
            true,
            true,
            true,
            true,
            true,
            true,
            true,
            true,
            true,
            false,
            true,
            false,
            true,
            true,
            true,
            true,
            false,
            true,
            true,
            false,
            false,
            true,
            true,
            false
        ],
        "view": [
            "193473",
            "1228084",
            "1243312",
            "914894",
            "751075",
            "1990711",
            "3021919",
            "15247071",
            "1180304",
            "3317075",
            "6129939",
            "2323463",
            "2150082",
            "1245763",
            "2214168",
            "9702777",
            "773926",
            "2514178",
            "11128180",
            "978193",
            "7850230",
            "19449214",
            "3455699",
            "19439498",
            "2744369",
            "1306293",
            "2293892",
            "3899664",
            "1059345",
            "1996426",
            "3551846",
            "1284475",
            "1172953",
            "2939903",
            "14140271",
            "5278688",
            "20589",
            "1688003",
            "2831316",
            "1912329",
            "420",
            "2258124",
            "487986",
            "16875720",
            "1738282",
            "1618844",
            "2371094",
            "11236745",
            "1789609",
            "3839561",
            "11236745",
            "9163840",
            "1789609",
            "150066",
            "2057281",
            "11480961",
            "1217896",
            "313",
            "6912953",
            "866672",
            "32451941",
            "894758",
            "308610",
            "9268721",
            "2772335",
            "603562",
            "3882272",
            "2783865",
            "7155383",
            "799675",
            "6772153",
            "1350371",
            "7627310",
            "1658664",
            "9588379",
            "15579026",
            "9289014",
            "4101139",
            "5443506",
            "1521621",
            "834426",
            "685347",
            "7218099",
            "546076",
            "3842878",
            "993629",
            "1094958",
            "8438093",
            "6360671",
            "884973",
            "4188069",
            "1009653",
            "3603191",
            "3002813",
            "4040545",
            "1090633",
            "290135",
            "20589",
            "5557344",
            "3171698",
            "11609117",
            "3234190",
            "4181058",
            "3171923",
            "2441458",
            "1529106",
            "3621",
            "5619045",
            "71045",
            "36569",
            "2728845",
            "1626990",
            "4152319",
            "3258878",
            "244",
            "5077292",
            "2872936",
            "1342"
        ],
        "title": [
            "I Paid Bassists on the DARK WEB & THIS HAPPENED",
            "These Brazilian Bassists Need to be STOPPED",
            "Can I Play the Top 10 Basslines of All Times?",
            "They Said I Can't Play Guitar Solos on Bass... So I Played Them",
            "They Said These Are the Top 10 Bassists of All Times...",
            "These TikTok Bassists Need to be STOPPED",
            "BASS vs VIOLIN Epic Battle (ft. TwoSetViolin)",
            "1 BASS, 100 MUSIC MEMES",
            "These North Korean Bassists Need to be STOPPED",
            "bass guy VS bald guy",
            "Snoop Dogg Challenged Me to Play THIS on Bass",
            "Balding Lights (Official Video)",
            "Try Not To Laugh Challenge  * IMPOSSIBLE *",
            "So I bought this GUITAR and you know what it means..",
            "These Pianists Said I Couldn't Play This on Bass.. So I Played It",
            "I FOUND HIM on Omegle.. (BASS vs GUITAR Epic Battle ft. TheDooo)",
            "Cat Plays The Bass Guitar",
            "Playing Bass on Omegle but I'm an ANIME BASSIST (GONE WRONG)",
            "36 STRINGS BASS SOLO (World Record)",
            "only 0.00000000000001% can play this",
            "Try Not To Laugh Challenge (Laugh Reveal 2)",
            "DEADMAU5 said this Bassline is IMPOSSIBLE...",
            "S L A P P",
            "Coffin Dance but it's on BASS",
            "1 GUITAR, 2020 MEMES",
            "Goodbye.",
            "Did He Just Play an IMPOSSIBLE Bassline??",
            "I Speak Normally For The First Time EVER",
            "One SLAP Man",
            "so... this happened...",
            "I play the VIOLIN... (SACRILEGIOUS FOOTAGE)",
            "Demon Slayer but it's on BASS",
            "send this to your crush (1000% SUCCESS RATE)",
            "This 10 Years Old Ukulele Kid Challenged Me to do WHAT?",
            "I Played 50 Instruments in 2 Minutes",
            "This Is The Only Bassline I CANNOT Play...",
            "Master your ENTIRE fingerboard with this AMAZING exercise",
            "I play the PIANO for the first time EVER",
            "He Said I Couldn't Play This on Bass... So I Played It",
            "Bass VS Guitar Battle with TheDooo but we are GIRLS",
            "O Davie504 falou ISSO dos baixistas brasileiros! #HBreact",
            "These FAKE Bassists need to STOP",
            "I accompany Davie504's HUGE mistake...",
            "100 Amazing Bass Lines",
            "My Girlfriend Challenged Me to a BASS BATTLE",
            "Roomie & Davie504 - Our Wedding Video",
            "This 5 Year Old Plays BASS Better Than ME??",
            "Spooky Scary Skeletons: NOOB vs PRO vs EPIC",
            "I Bought Billie Eilish's Ukulele and Played It",
            "Can I Play the HARDEST Guitar Riff EVER on Bass?",
            "Spooky Scary Skeletons: NOOB vs PRO vs EPIC",
            "I Hired PRO Bass Teachers and Pretended to be a BEGINNER...",
            "I Bought Billie Eilish's Ukulele and Played It",
            "I made Davie504 Laugh.",
            "I Played Bass Under Water",
            "25 BASS GUITARS, 1 SOLO",
            "I Speak with my Real Voice",
            "BAIXISTAS BRASILEIROS NO DAVIE504",
            "This PRO Bassist BETRAYED Me... (BASS BATTLE)",
            "Bald Pianist TROLLS Strangers on Omegle",
            "24 STRINGS BASS SOLO",
            "Why Is He Playing BASS Like THIS??",
            "I Exposed YouTuber Davie504. No Holy Slap, Davie504 Bass Solo Failed!",
            "He Challenged ME To Play The HARDEST Bassline EVER",
            "Justin Bieber said WHAT about ME??",
            "Davie504 BASS BATTLE - That TAPPING Part You All Requested (FULL)",
            "I Sing For The First Time EVER",
            "I went to AUSTRALIA just to play this song...",
            "Coffin Dance 2 (Official Video)",
            "This Has Gone Too Far",
            "The 10 LEVELS of BASS",
            "They Said She's the BEST BASSIST IN THE WORLD...",
            "They Said She's the WORLD'S FASTEST BASS PLAYER...",
            "Our Response to Davie504's Challenge",
            "Guess The Meme Song, Win $5,000",
            "I Paid Bassists to Play an IMPOSSIBLE Bassline...",
            "I went to RUSSIA just to play this song...",
            "I Paid a Stranger to edit this BASS Video",
            "This Anime Bassist needs to be STOPPED (Bass Battle)",
            "BASS Speedrun WORLD RECORD | 9.84s | 100% Glitchless (4 Strings)",
            "I Paid Celebrities To Say THIS about Bass...",
            "bass solo that got my stepsister stuck",
            "Teaching My Girlfriend How To SLAP BASS",
            "69 STRING BASS SOLO? Davie504 I Challenge YOU!",
            "Wide Putin but it's on BASS",
            "i play the synth for the first time EVER",
            "Hallelujah | Davie504 | Digital Stage | Rock In Rio 2017",
            "I, Giorno Giovanna, have a BASS",
            "I went to INDIA at T-Series HQ just to play this song...",
            "Luis Guillermo - Davie504 Signature Bass Contest",
            "FAST BASS - 600 notes in 1 MINUTE",
            "I play the SAXOPHONE for the first time EVER",
            "I went to JAPAN just to play these songs...",
            "Ice Cube is ANGRY at my Bass Solo for Snoop Dogg",
            "Belle Delphine COPIED me?",
            "Make This Video The Most LIKED Bass Video EVER",
            "Davie504, I Challenge YOU To A GUITAR Battle",
            "Master your ENTIRE fingerboard with this AMAZING exercise",
            "How to Make a Girl Fall in LOVE with YOU",
            "HMM NICE bASS",
            "40 YEARS of GAME MUSIC in 2 MINUTES",
            "This Tik Tok Bassist Plays BASS Better Than Me??",
            "He Challenged ME to an EPIC MEMES BATTLE?? (Gone Wrong)",
            "Parlo in italiano",
            "The Search for BASS (w/ Davie504)",
            "guitar is better than bass",
            "1 Hour of pure BASS | Davie504 SLAPP Compilation",
            "You Laugh You Lose Challenge (Leaked LAUGH REVEAL Video??)",
            "GUITARIST tries BASS for the first time @Davie504",
            "davie504 THERAPY TIME compilation",
            "Axel Spiky - Davie504 Signature Bass Contest",
            "Playing Basslines on a GUITAR.. (ILLEGAL FOOTAGE)",
            "I Played the BIGGEST BASS in the WORLD (Record)",
            "Slap Bass Lesson w/ Davie504",
            "Davie 504 Deep Web Bassline",
            "I Played Bass Until I Broke ALL the Strings (impossible?)",
            "My Girlfriend Teaches ME How To Play BASS",
            "Davie504 reaction to Mio Akiyama epic bass lines"
        ]
    }
}