{
    "cat": {
        "clickbait_avg_views": 18760417.5,
        "noclickbait_avg_views": 28332296.208955225,
        "clickbait_noclickbait_avg_ratio": 0.6621566201919856,
        "clickbait_per_video": 0.22988505747126436,
        "video_counts": 87,
        "clickbait_video_count": 20,
        "noclclickbait_video_count": 67,
        "total_views": 2273472196,
        "clickbait_views": 375208350,
        "noclclickbait_views": 1898263846,
        "result": [
            false,
            false,
            true,
            true,
            false,
            false,
            false,
            false,
            false,
            false,
            false,
            false,
            false,
            false,
            false,
            false,
            false,
            false,
            false,
            false,
            false,
            true,
            false,
            false,
            false,
            true,
            false,
            false,
            false,
            false,
            true,
            true,
            true,
            true,
            false,
            true,
            false,
            false,
            false,
            false,
            true,
            false,
            false,
            false,
            true,
            true,
            false,
            true,
            false,
            false,
            true,
            true,
            false,
            false,
            false,
            false,
            false,
            false,
            false,
            true,
            true,
            false,
            false,
            false,
            false,
            false,
            false,
            true,
            false,
            false,
            false,
            false,
            true,
            false,
            false,
            false,
            false,
            false,
            false,
            false,
            false,
            false,
            false,
            false,
            true,
            false,
            false
        ],
        "view": [
            "469407",
            "84728133",
            "23077",
            "46392",
            "46181196",
            "357419484",
            "29214901",
            "17750034",
            "35925725",
            "9872526",
            "2932460",
            "50159",
            "7700404",
            "15727045",
            "16323892",
            "208248",
            "220924",
            "1162574",
            "3525",
            "53942423",
            "146572",
            "77918080",
            "215585854",
            "13142",
            "66654",
            "31749",
            "12616",
            "263414",
            "133691476",
            "63452773",
            "5067163",
            "233170",
            "156432",
            "112316887",
            "24970",
            "174672215",
            "2589097",
            "18143235",
            "22863",
            "103481",
            "2452671",
            "239106",
            "41673494",
            "2647",
            "987977",
            "88464",
            "44796842",
            "163185",
            "93593",
            "476549",
            "224588",
            "6585",
            "11309641",
            "5376",
            "17989442",
            "59591",
            "115777",
            "39618",
            "3869792",
            "523631",
            "7668",
            "148738",
            "78266498",
            "2379991",
            "58064319",
            "28135",
            "93887",
            "138610",
            "4265694",
            "19135624",
            "1358573",
            "22693",
            "16036",
            "19488870",
            "10701762",
            "1142362",
            "152853616",
            "558598",
            "122525",
            "2496072",
            "41974",
            "685084",
            "19540517",
            "8626",
            "133770",
            "268574494",
            "23664519"
        ],
        "title": [
            "Cat Rolls Down The Stairs 5x A Day | The Dodo Cat Crazy",
            "Cats are so funny you will die laughing - Funny cat compilation",
            "LIVE:  Kiwi and her miracle kittens!",
            "Evolving Glass Cat's TRUE FORM! (Battle Cats)",
            "Cats and Domino",
            "Funny Cats and Kittens Meowing Compilation",
            "Baby Cats - Cute and Funny Cat Videos Compilation #34 | Aww Animals",
            "Cucumbers Scare The Life Out Of Cats | Pets Town",
            "The Cat Raised by a Mouse",
            "Baby Cats - Cute and Funny Cat Videos Compilation #35 | Aww Animals",
            "Kitten Becomes Completely Obsessed with His Dad | The Dodo Cat Crazy",
            "Cat can't stop playing with the projection version of himself !!",
            "Cat Pranked By Big Cat Mask",
            "Baby Cats - Cute and Funny Cat Videos Compilation #27 | Aww Animals",
            "The Cat Cooking Show 2",
            "Clingy Cat Has To Be With Dad 24/7 | The Dodo Soulmates",
            "Tag Your Cat Here -  This compilation of smart cats will leave you astonished!",
            "I Put a Tiny Camera on My Cat for 24 Hours",
            "This Cat Has A New Enemy",
            "Cat and Dog Road Trip",
            "Young Cat's Reaction to the First Snow !!",
            "Try to stay SERIOUS -The most popular CAT videos",
            "Diana and Roma take care of the kitten",
            "Baby Cats - Cute and Funny Cat Videos Compilation #40 | Aww Animals",
            "That's Why Your Cat Loves Sinks and Boxes",
            "BUYING CAT ANYTHING IT TOUCHES!",
            "Brazil's 'Island of the Cats': Pet abandonment soars during the pandemic",
            "\"Though You Kick Me Out, I Don't Hate You\" Cat Comforts A Crying Lady | Animal in Crisis EP249",
            "Cat Dealers - Your Body (Remix)",
            "How I Trained My Cats",
            "MINECRAFT CAT VS GTA 5 CAT - WHO IS BEST?",
            "BEST CAT MEMES COMPILATION OF 2020 - 2021 PART 59 (FUNNY CATS)",
            "[SFM FNaF] Demented vs Cartoon Cat WITH Healhbars",
            "CATS will make you LAUGH YOUR HEAD OFF - Funny CAT compilation",
            "Cat TV - Delightful Birds and Squirrels ~ TV for Cats",
            "GIANT Maze Labyrinth for Cat Kittens. Can they EXIT?",
            "10 Scientific Ways to Get a Cat to Like You",
            "Videos for Cats to Watch - 8 Hour Bird Bonanza",
            "The Battle Cats - Enter Princess Cat (Ver. 10.6) Queen Fest Gacha",
            "BOSNIAN Pop Cat",
            "Hot VS Cold Food Challenge! |SPONGEBOB MUKBANG | MUKBANG ANIMATION | SLIME CAT",
            "Abyssinian Cat Rubs up Against Lady and Licks Her for Cucumber",
            "Cartoon Cat - \"Run Away\"  (@OR3O, SamHaft, SleepingForest) | animated by Mautzi A.S.",
            "How To Find A Lost Cat: What To Do If Your Cat Goes Missing",
            "SIRENHEAD vs. CARTOON CAT WITH ZERO BUDGET! (FUNNY FIGHT PARODY By LANKYBOX!)",
            "I BECAME ALL CARTOON TREVOR HENDERSON CREATURES!! Garry's Mod [Cartoon Cat]",
            "Cat Reaction to Cutting Cake - Funny Dog Cake Reaction Compilation",
            "BEST CAT MEMES COMPILATION OF 2020 - 2021 PART 58 (FUNNY CATS)",
            "How to Trap a Cat #shorts",
            "The Kiffness - Alugalug Cat (International Symphonic Mashup)",
            "CARTOON CAT + Thomas LOCOMOTIVA la 1 DIMINEATA!",
            "CAT 2021 - This Brought me tears during CAT preparation",
            "Baby Cats - Cute and Funny Cat Videos Compilation #37 | Aww Animals",
            "How to bathe a Maine Coon cat.",
            "Two Cats and 500 Balls in a Ball Pit !!",
            "Pusheen: Signs You May be a Cat Parent",
            "Monster School : Rip Baby Cat Sad Life - minecraft animation",
            "Big Cat VS Bosco Battle For $500",
            "Duck cartoon | cat cartoon - cartoon",
            "Angry Alien Reporting CAT | #Shorts",
            "LEROY \"DI DON\" BIG SHOW WITH CURIOUS CAT",
            "Wife is trying on clothes, and husband embarrasses her by cat calling her in the store.",
            "Fun Pet Care Game - Little Kitten Adventures (New Update) - Play Costume Dress-Up Party Gamepaly",
            "Cat Gives Her Dad Hugs All Day, Every Day | The Dodo Cat Crazy",
            "Baby Cats - Cute and Funny Cat Videos Compilation #8 | Aww Animals",
            "Lucky wants to be the leader (Copy Cat) | T.O.T.S.",
            "Baby Cats | Cute And Funny Cat Videos Compilation #119 | Cute Cats Land",
            "CARTOON CAT Is On The LOOSE at CLAMOUR! The NINJA KIDZ Saved Our FAMILY",
            "Calming TV for Cats : Cat TV - My Garden Birds - Relaxing Nature Music for Cats to Sleep",
            "Cat Reaction to Playing Balloon - Funny Cat Balloon Reaction Compilation",
            "Cat TV 2020: 8 Hours - Birds for Cats to Watch, Relax Your Pets, Beautiful Birds, Squirrels.",
            "Double Trouble (Copy Cat) | T.O.T.S.",
            "Is Mudclaw GOOD now? (Warrior Cats)",
            "Baby Cats | Cute And Funny Cat Videos Compilation #78 | Cute Cats Land",
            "Cucumbers Are Cat's Enemy - Funny Pet Reaction | Purr Purr",
            "Cat Keeps Stealing Things From The Neighbors | The Dodo Cat Crazy",
            "Diana and Roma - The best cat stories for kids",
            "Cat And His Dad Speak The Same Language | The Dodo",
            "Hours-Long Search for 'Bobcat' Turns Up Missing House Cat",
            "Phone-Sized Kitten Turns Guy Into A Cat Person | The Dodo Little But Fierce",
            "This Cat's Life Is In Jackson's Hands | My Cat From Hell",
            "If You See a Cat Like This, Take Your Cat Away Immediately",
            "cat",
            "Cats Are Jerks But Are Still Cute | Funny Pet Videos",
            "2D CARTOON CAT VS 3D CARTOON CAT!! Friday Night Funkin' Mod Showcase [FNF Trevor Henderson]",
            "Try Not To Laugh Challenge - Funny Cat & Dog Vines compilation 2017",
            "Funny Cats and Kittens Meowing Compilation 2021"
        ]
    }
}