{
    "rocket": {
        "clickbait_avg_views": 3590762.475,
        "noclickbait_avg_views": 10219010.185185185,
        "clickbait_noclickbait_avg_ratio": 0.35138065330491985,
        "clickbait_per_video": 0.425531914893617,
        "video_counts": 94,
        "clickbait_video_count": 40,
        "noclclickbait_video_count": 54,
        "total_views": 695457049,
        "clickbait_views": 143630499,
        "noclclickbait_views": 551826550,
        "result": [
            false,
            false,
            true,
            true,
            true,
            false,
            false,
            false,
            false,
            false,
            false,
            false,
            true,
            false,
            true,
            false,
            true,
            false,
            false,
            false,
            false,
            false,
            false,
            false,
            true,
            true,
            false,
            false,
            true,
            false,
            false,
            true,
            false,
            false,
            true,
            true,
            true,
            true,
            true,
            false,
            false,
            false,
            true,
            false,
            true,
            false,
            false,
            true,
            false,
            true,
            false,
            true,
            true,
            true,
            false,
            true,
            false,
            true,
            false,
            true,
            true,
            false,
            false,
            false,
            false,
            true,
            false,
            false,
            true,
            true,
            true,
            false,
            false,
            true,
            false,
            true,
            true,
            false,
            true,
            true,
            false,
            true,
            true,
            false,
            false,
            false,
            false,
            true,
            false,
            true,
            false,
            false,
            false,
            true
        ],
        "view": [
            "133804695",
            "1280818",
            "2152313",
            "173549",
            "3914609",
            "4728384",
            "903691",
            "5464045",
            "2636477",
            "181712",
            "7730726",
            "47025",
            "94647",
            "6473380",
            "30155054",
            "86592729",
            "28135",
            "6273657",
            "2006358",
            "38009",
            "22800600",
            "5430530",
            "1278221",
            "2070328",
            "36155",
            "223330",
            "14680",
            "178263",
            "1842794",
            "2415404",
            "194810",
            "52513",
            "18021628",
            "535993",
            "5155",
            "375304",
            "93196",
            "1445768",
            "18536",
            "13368",
            "36610",
            "5487223",
            "178332",
            "5420506",
            "96753",
            "3734626",
            "265722",
            "52724",
            "47519",
            "2136487",
            "745769",
            "80629113",
            "2200571",
            "46870",
            "445632",
            "498816",
            "334759",
            "2755",
            "94403526",
            "48922",
            "5806",
            "4865446",
            "5361715",
            "2598616",
            "18123",
            "68717",
            "23123578",
            "98793",
            "24382",
            "124606",
            "709770",
            "1558066",
            "44212",
            "306372",
            "15333",
            "147892",
            "92887",
            "3167485",
            "7440",
            "549233",
            "647900",
            "70087",
            "11451924",
            "44905",
            "31420",
            "171174",
            "3731427",
            "151108",
            "83927225",
            "142280",
            "115558",
            "210341",
            "57810",
            "3275594"
        ],
        "title": [
            "Model Rocket Battle 2 | Dude Perfect",
            "Rockets 101 | National Geographic",
            "10 MOST POWERFUL Space Rocket Launch Ever! [4K]",
            "Will The US Military Use SpaceX Rockets To Transport Cargo?",
            "10 AMAZING SPACE ROCKET Launch Videos! [4K]",
            "Coca-Cola Rocket vs Mentos",
            "Rocket",
            "If Rockets were Transparent",
            "Big Construction: space rocket. Cartoons for kids.",
            "I Found a Jet That is Faster Than a Rocket - GTA Online",
            "5 Rocket Launches That Went Horribly Wrong",
            "Tesla's New Roadster Will Have A SpaceX Rocket",
            "ROCKET LEAGUE BEST OF 2021 INSANITY SO FAR... !",
            "XXL Rocket Instead of The Engine in a Motorbike",
            "EXPERIMENT: ROCKET AND AIRCRAFT!",
            "Model Rocket Battle | Dude Perfect",
            "Terrible Shots (Jun 07,2021) SHOOTING of Thousands Russian Tornado Rockets directed near Border",
            "Rocket ship launch - construction game cartoon for children about space",
            "Blippi Builds A Rocket Ship | 1 Hour Of Learning Fun With Blippi",
            "Blastoff! SpaceX Falcon 9 rocket launches Sirius XM satellite, nails landing",
            "Vlad and Nikita want to be astronauts",
            "Experiment: Rocket powered Airplane!",
            "High Power Rocket Plane",
            "Def Leppard - Rocket",
            "Could the US Have Shot Down China's Falling Rocket?",
            "INSANE 300 IQ 1v2 Fake... | Going for Top 10 In EVERY Rocket League Playlist | SUPERSONIC LEGEND 2V2",
            "Puft Poo Rocket Fuel! Oxygen Not Included ep11",
            "Platinum is the worst rank in Rocket League, and Here's Why",
            "Chinese Rocket Falls to Earth - LIVE COVERAGE",
            "DEF LEPPARD - \"Rocket\" (Official Music Video)",
            "Deep Space Questions Episode 6 - Radiation Hardened Computers, Propellent Depots, Scary Rocket Fuels",
            "*OMG* ROCKET LEAGUE FINALLY RELEASED A NEW GAMEMODE! 10+ Goals & Supersonic Legend Plays...",
            "GoPro Awards: On a Rocket Launch to Space",
            "Rocket Raghava Performance | Jabardasth | 3rd June 2021 | ETV Telugu",
            "ROCKET LEAGUE SHOWNIGHT X LEVL UP feat LUTTI",
            "MANBO - ROCKET (Visualizer)",
            "MONGOLIAN SIMPLE  | ROCKET GAMEPLAY #4",
            "ROCKET LEAGUE, BUT THE FIELD TRANSFORMS FROM A TO Z",
            "TIK TOK + ROCKET LEAGUE (#18)",
            "Best Fan Reward Drops Rocket League #10",
            "Fusion Rockets - The Real Mars Express [2021]",
            "Dope D.O.D. - Rocket (Official Video)",
            "ROCKET LEAGUE IN A CONFINED SPACE IS SCARY",
            "Rocket Rockers - April (Fiersa Besari Cover)",
            "O DIA QUE O LAG GANHOU DE MIM... | Rocket League 1v1 Ranked (2/3)",
            "Rocket - Bound Thug (prod. by Fresco)",
            "Rocket League Highlights 53",
            "We tried Rocket League's *NEW* Gamemode! - Rumble Gameplay",
            "Deshalb bin ich SCHWUL! - Rocket League",
            "MINECRAFT ROCKET SHIP VS GTA 5 ROCKET SHIP - WHICH IS BEST?",
            "How to Make a Paper Rocket | That Fly Far",
            "GAVIN.D - A ROCKET TO THE MOON (Official MV)",
            "VEMLYIE - ROCKET JET ft. 19HUNNID & 1MILL (Official MV) Prod. Mayojames",
            "HO INCONTRATO un VINCITORE di 3 TORNEI SUPERSONIC LEGEND su ROCKET LEAGUE *fortissimo*",
            "1 SSL Vs 3 of Each Rank Until They Lose in Rocket League",
            "I played my First Games of Rocket League Season 3 and this happened... | SUPERSONIC LEGEND 2V2",
            "#Exclusive Chinese Heavy Rocket #LongMarch5B Fall Today Morning Over Indian Ocean On THis Country ?",
            "5 THINGS THAT NEED TO COME TO ROCKET ROYALE UPDATE 2021",
            "Elton John - Rocket Man (Official Music Video)",
            "MI RIVAL ME PERDONA!! - Rocket League",
            "Scrubkilla on Traveling, Former Teammates, and the Feeling of LAN | Rocket Talk #6: Scrubkilla",
            "Rollout of Soyuz-FG Rocket with Manned Soyuz MS-12 Spacecraft",
            "Diwali Rockets Attached On Boat | Will it Swim On Rocket Power?",
            "Origami Simple paper rocket in 3 steps",
            "I Tried the HARDEST Maps in Rocket League...",
            "Provo i VOSTRI ALLENAMENTI - Rocket League TRAINING ITA [#25]",
            "Israel Unrest: Hamas launches rocket attack on Tel Aviv",
            "I figured out which Rocket League mechanic is actually the best...",
            "FREESTYLE en RANKEDS con el DOMINUS ~ ROCKET LEAGUE",
            "ROCKET LEAGUE WITH GIANT TOPPERS",
            "I teamed up with PRO'S for a Rocket League tournament & got a CRAZY PINCH PLAY | SSL 3v3 Ep. 17",
            "Chinese rocket to come crashing down to Earth at unknown location - BBC News",
            "How To Make a Boomerang Paper Airplane | Paper Rocket | Tutorial | Make7",
            "Rocket League MOST SATISFYING Moments! #19",
            "Financial Advice from Aging Rockstars (Rocket League)",
            "ROCKET LEAGUE, BUT WE'RE IN A WAFFLE...?",
            "BLACKPINK - 'How You Like That' M/V  | ROCKET REACTION #1",
            "SpaceX Starship Prototype - DIY Rocket Launch Experiment",
            "Rocket League BEST of May 2021",
            "Rocket League MOST SATISFYING Moments! #13",
            "Experiment: Plane with a Rocket on the water",
            "I Only Freestyled for 30 DAYS in Rocket League",
            "EXPERIMENT: HULK and XXL ROCKET",
            "Soyuz rocket launches joint US-Russian crew to space station",
            "Rocket League but the floor disappears",
            "Chinese Rocket CRASHES in Indian Ocean After Uncontrolled Re-Entry",
            "100 vs 1 in Rocket League",
            "Hitting INSANE Plays On Our Way To RANK #1 In Rocket League! | Supersonic Legend (Top 2 Global)",
            "XXL Coca-Cola Rocket with Mentos",
            "ROCKET LEAGUE, BUT THE GOALS BACKFIRE ON YOU",
            "Fake Videos! You Say which one is China Rocket Falling to Indian Ocean|| Out-of-control China rocket",
            "How To Open Rocket Account - Register Dutch Bangla Rocket Account - Create Rocket Account",
            "Rocket League Top 50 Goals & Funny Moments #3",
            "ROCKET - Trap Day"
        ]
    }
}