{
    "botw": {
        "clickbait_avg_views": 828265.5806451613,
        "noclickbait_avg_views": 804702.0,
        "clickbait_noclickbait_avg_ratio": 1.0292823686845085,
        "clickbait_per_video": 0.36046511627906974,
        "video_counts": 86,
        "clickbait_video_count": 31,
        "noclclickbait_video_count": 55,
        "total_views": 69934843,
        "clickbait_views": 25676233,
        "noclclickbait_views": 44258610,
        "result": [
            false,
            false,
            true,
            false,
            false,
            true,
            false,
            false,
            false,
            true,
            false,
            true,
            false,
            true,
            false,
            false,
            true,
            false,
            false,
            false,
            false,
            false,
            false,
            true,
            true,
            true,
            true,
            true,
            true,
            false,
            false,
            true,
            true,
            false,
            false,
            true,
            false,
            false,
            true,
            true,
            true,
            false,
            true,
            false,
            true,
            false,
            false,
            true,
            false,
            false,
            true,
            true,
            false,
            false,
            false,
            true,
            true,
            true,
            false,
            false,
            false,
            false,
            false,
            true,
            false,
            false,
            false,
            false,
            true,
            true,
            false,
            false,
            false,
            false,
            false,
            false,
            false,
            false,
            false,
            true,
            false,
            true,
            false,
            false,
            false,
            false
        ],
        "view": [
            "14414",
            "617503",
            "39162",
            "1896532",
            "122738",
            "1442923",
            "494000",
            "250585",
            "38185",
            "579327",
            "81904",
            "39734",
            "10199",
            "116994",
            "134542",
            "4442099",
            "214756",
            "66134",
            "99415",
            "87294",
            "422723",
            "750241",
            "4974882",
            "146328",
            "7614",
            "114424",
            "1671790",
            "764456",
            "465579",
            "471932",
            "881866",
            "545510",
            "77711",
            "12460",
            "1080421",
            "4854848",
            "517305",
            "63119",
            "60325",
            "72026",
            "1452015",
            "1325948",
            "97622",
            "887426",
            "322167",
            "632923",
            "253",
            "96390",
            "511187",
            "2668291",
            "851984",
            "1452015",
            "517305",
            "42734",
            "229886",
            "226503",
            "4854848",
            "94549",
            "32243",
            "88487",
            "793005",
            "229666",
            "1670947",
            "30581",
            "4745141",
            "411628",
            "28963",
            "65248",
            "796870",
            "7100",
            "5500869",
            "1282",
            "119184",
            "513728",
            "102462",
            "952734",
            "63133",
            "910",
            "91103",
            "4046602",
            "345487",
            "133480",
            "3308310",
            "54163",
            "496594",
            "296877"
        ],
        "title": [
            "The Potential of Breath of the Wild 2 (BotW Sequel)",
            "Genshin Impact: What Does A Zelda: BOTW Expert Think?",
            "THE THUNDER HELM: BotW Master Mode REWIND",
            "Strongest Weapons in Zelda Breath of the Wild | What, Why & Where BotW",
            "BOTW's Absurd Glitch That No One Talks About",
            "48 Things You STILL Didn't Know In Zelda Breath Of The Wild",
            "19 Most Iconic And Powerful Glitches In Zelda BOTW",
            "Zelda BOTW Expert Breaks Down High Level Combat",
            "E3 2021 Preview & Leaks - God of War: Ragnarok, BOTW 2, Elden Ring, Starfield, Halo: Infinite & More",
            "21 ADVANCED Tips for Breath of the Wild Players in 2021!!",
            "Secret Locations in Zelda Breath of the Wild | BotW",
            "Ganondorf is NOT The Villain! (Breath of The Wild 2 Theories/Ideas)",
            "5-Year-Old Hunts Lynels in Zelda Breath of the Wild (BOTW)",
            "WHY I WAS BANNED FROM KOROK FOREST! (Zelda: Breath Of The Wild Funny Moments)",
            "Zelda BOTW Pro Speedrunner and Combat Expert React to New Viral Clips",
            "28 Hidden Details In Zelda: BotW You Probably Missed",
            "Zelda BOTW Expert Reacts To MORE Viral Clips",
            "An Hour of Botw Clips!!!",
            "In-Depth New Game+ Glitch Tutorial | BotW Glitches & Tricks",
            "Botw Clips for Half an Hour!",
            "Breath of the Wild's hardest mod is harder than you think",
            "Top 5 Armor Sets - BOTW",
            "Dirty Jokes & Innuendos in Zelda: Breath of the Wild",
            "HILARIOUS Zelda BotW CLIPS to make you shoot milk out your nose",
            "Breath of the Wild Second Wind | Basement | BotW WITCH (Zelda)",
            "TRUE 100% Checklist by doing EVERYTHING in Zelda BotW",
            "Breath of the Wild, but my viewers control THE WORLD",
            "Breath of the Wild, but you ARE Link",
            "KILLING a Shrine's Sheikah MONK?! Getting BotW 2 LEAKS in Zelda Breath of the Wild",
            "Ancient Part Glitch | How to with Tips and Tricks BotW",
            "Defeating 104 Guardians",
            "5 NEW Secrets in Breath of The Wild You MIGHT Have Missed! #3",
            "THE ULTIMATE FINAL BATTLE: BotW Relics of the Past",
            "Lizard Farming in Zelda BotW | Hightail Lizards, Hearty Lizards, and Fireproof Lizards.",
            "Modding Breath of the Wild so that every enemy is a lynel",
            "THE LEGEND OF ZELDA: Breath Of The Wild FOR BEGINNERS",
            "Zelda BOTW Expert Reacts To Viral Reddit Clips",
            "All Zelda Breath of the Wild 2 Rumors and \"Leaks\"!",
            "Reacting to the PERFECT Breath of the Wild Speedrun (23 Minutes)",
            "Zelda BOTW aber der BODEN IST LAVA (Zelda Breath of the Wild Deutsch Challenge)",
            "REACTING TO 9999 IQ BREATH OF THE WILD PLAYER",
            "How to Duplicate Hearts and Stamina - Zelda BOTW",
            "Diese ZELDA BOTW CHALLENGE sollte VERBOTEN WERDEN [3] (Zelda Breath of the Wild Deutsch Challenge)",
            "Botw Clips, But they Have been Perfected",
            "SHEIK can SNEAK | Breath of the Wild | Zelda BotW | Basement | S3E60",
            "8K Zelda Botw CEMU - Raytracing GI Revo Reshade  -Ultra graphic comparison - Gameplay",
            "| Zelda BOTW | Rob Hyrule Castle!  Hylian Shield!  Bows!  Swords!",
            "Zelda BOTW Expert Reacts to EVEN MORE Viral Reddit Clips",
            "What's on Top of the Unclimbable Mountain? (Zelda Theory)",
            "5 Methods for Fighting Lynels in BOTW",
            "The BIGGEST FLAW about Breath of the Wild's DLC",
            "REACTING TO 9999 IQ BREATH OF THE WILD PLAYER",
            "Zelda BOTW Expert Reacts To Viral Reddit Clips",
            "The best way to deal with hinoxes | BotW",
            "BOTW 2 Link, Astor Robes, Sooga's and Madara's armors in Breath Of The Wild",
            "WHO is Link KISSING?? Link's GIRLFRIEND in Breath of the Wild (BotW) in THE BASEMENT",
            "THE LEGEND OF ZELDA: Breath Of The Wild FOR BEGINNERS",
            "Botw Clips For Centuries!!! {10.000 Subscriber Special}",
            "Best Movement Tricks for Every Skill Level! (BoTW works 2021)",
            "Stasis is OP for killing yiga clan members | BotW",
            "Zelda: BOTW (5th Divine Beast - Final Trial) The Champions' Ballad",
            "Speedrun Zelda BOTW par Player 5 - World Record Any%",
            "Top 10 Weapons - BOTW",
            "Breath of the Wild Second Wind | Basement | BotW WITCH (Zelda)",
            "Fantastic Armor & Where to Find it - BOTW",
            "BotW Glitches & Tricks: Early Master Cycle, Menu Overloading (again!), Hylian Shield with Modifiers.",
            "Awesome Botw Clips!",
            "Botw Clips for Millennia",
            "12 ASTUCES EN EXPERT SUR ZELDA BOTW",
            "E3 2021: NINTENDO DIRECT SENZA BOTW 2 E SWITCH PRO? DATA, ORA E PREDICTION | TG PORO",
            "BotW Any% 28:59 (No Amiibo)",
            "| Zelda BOTW | Worst Fail Day Ever. #shorts",
            "Zelda BOTW: How to Play in First Person",
            "How to do the Infinite Rupee Glitch in Zelda BoTW",
            "I free a Divine Beast starting with nothing but a Pot Lid | BotW",
            "Life as a Bokoblin - A Zelda Nature Documentary",
            "Zelda BOTW aber ALLES STEHT AUF DEM KOPF (Zelda Breath of the Wild Deutsch Challenge)",
            "More Relics of the Past | BotW Mods",
            "Overkill - Zelda BotW Combat Montage",
            "Top 10 Awesome Things You Can Do In Zelda: Breath of the Wild",
            "BOTW funny moments",
            "THE THREE GOLD LYNEL GATEHOUSE: BotW Relics of the Past",
            "All Rare Horses & Where to Find Them - BOTW",
            "BotW Any% 25:55",
            "Best Shields in BotW | What, Why & Where",
            "BotW Any% 26:43.300"
        ]
    }
}