{
    "vs code": {
        "clickbait_avg_views": 111812.2,
        "noclickbait_avg_views": 176996.14705882352,
        "clickbait_noclickbait_avg_ratio": 0.6317210959560602,
        "clickbait_per_video": 0.04672897196261682,
        "video_counts": 107,
        "clickbait_video_count": 5,
        "noclclickbait_video_count": 102,
        "total_views": 18612668,
        "clickbait_views": 559061,
        "noclclickbait_views": 18053607,
        "result": [
            false,
            false,
            false,
            false,
            false,
            false,
            false,
            false,
            false,
            false,
            false,
            false,
            true,
            false,
            false,
            false,
            false,
            false,
            false,
            false,
            false,
            false,
            false,
            false,
            false,
            false,
            false,
            false,
            false,
            false,
            false,
            false,
            false,
            false,
            false,
            false,
            false,
            false,
            false,
            false,
            true,
            true,
            false,
            false,
            false,
            false,
            false,
            false,
            false,
            true,
            false,
            false,
            false,
            false,
            false,
            false,
            false,
            false,
            false,
            false,
            false,
            true,
            false,
            false,
            false,
            false,
            false,
            false,
            false,
            false,
            false,
            false,
            false,
            false,
            false,
            false,
            false,
            false,
            false,
            false,
            false,
            false,
            false,
            false,
            false,
            false,
            false,
            false,
            false,
            false,
            false,
            false,
            false,
            false,
            false,
            false,
            false,
            false,
            false,
            false,
            false,
            false,
            false,
            false,
            false,
            false,
            false
        ],
        "view": [
            "352388",
            "1338636",
            "1585736",
            "398350",
            "53473",
            "50228",
            "342629",
            "102565",
            "51691",
            "532675",
            "124479",
            "718348",
            "16761",
            "843511",
            "294372",
            "462234",
            "155264",
            "456911",
            "78199",
            "165332",
            "41451",
            "305793",
            "18579",
            "467497",
            "943262",
            "20377",
            "33821",
            "61414",
            "163232",
            "2339",
            "631069",
            "146027",
            "9890",
            "29372",
            "294541",
            "154911",
            "21082",
            "4081",
            "7011",
            "52185",
            "232247",
            "203258",
            "51753",
            "8617",
            "16528",
            "14244",
            "16847",
            "590640",
            "1014446",
            "1506",
            "995834",
            "89968",
            "31473",
            "10724",
            "32962",
            "5818",
            "4784",
            "236888",
            "80009",
            "86462",
            "25267",
            "105289",
            "520178",
            "29179",
            "8195",
            "200562",
            "10255",
            "6881",
            "2489",
            "5049",
            "130983",
            "2270",
            "16318",
            "11977",
            "338735",
            "3142",
            "3548",
            "278693",
            "40069",
            "46992",
            "36655",
            "8432",
            "2564",
            "1866",
            "4774",
            "2644",
            "115178",
            "40687",
            "61048",
            "21697",
            "9755",
            "15798",
            "1529",
            "332407",
            "5762",
            "48321",
            "107186",
            "7721",
            "151185",
            "40085",
            "134597",
            "37456",
            "22902",
            "3728",
            "306583",
            "12010",
            "37303"
        ],
        "title": [
            "Visual Studio Code Crash Course",
            "Visual Studio Code Tutorial for Beginners - Introduction",
            "VS Code Top-Ten Pro Tips",
            "5 Ways to Customize VS Code",
            "VSCode Tutorial For Beginners - Getting Started With VSCode",
            "VS Code Extensions you absolutely need in 2021",
            "Getting started with Visual Studio Code",
            "Visual Studio Code Full Course - VS Code for Beginners",
            "How I Setup And Customize VSCode",
            "Install and Use Visual Studio Code on Windows 10  (VS Code)",
            "How I setup and customize my VS Code",
            "Top 10 Best VS Code Extensions (2020)",
            "How to set up VS Code for C++ and make your First Program? + How I use AI to help me code faster",
            "How to Set up Visual Studio Code for C and C++ Programming",
            "VS Code Tutorial + Python Setup | Python Tutorials For Absolute Beginners In Hindi #121",
            "Visual Studio Code (Windows) - Setting up a Python Development Environment and Complete Overview",
            "VSCode Keyboard Shortcuts For Productivity",
            "Getting Started with Python in Visual Studio Code | Python with VSCode",
            "How I setup VS Code for a beginners front-end workflow",
            "Don't Use the Sidebar in VS Code!!",
            "VS Code Notebooks: A Deep Dive",
            "Setting Up VSCode For Python Programming",
            "#2 NodeJS, VS Code Installation | JavaScript Tutorial",
            "I Don't Need Postman Anymore!! I Use VS Code Instead...",
            "Free Course: Beginner Web Design using HTML5, CSS3 & Visual Studio Code",
            "My VSCode Setup | Extensions, Theme, Etc..",
            "Pylance: our new and improved Python experience in VS Code",
            "Visual Studio Tutorial l Learn VS Code for Beginners | Visual Studio Code Basics | Edureka",
            "How To Use GitHub with VS Code in 2020 | Commit & Push | Part 1",
            "Azure DevOps, Git and VS Code",
            "VS Code Installation for C++ in Windows | Step by step process explanation",
            "How to Code a VSCode Extension",
            "Debug a C++ project in VS Code",
            "How to make your own VS Code theme!",
            "Visual Studio Code Web Dev Setup In 6 Minutes",
            "Getting Started with Python in Visual Studio Code",
            "VScode for Golang - How to setup Visual Studio Code for Go [2020]",
            "Getting Started with Jupyter Notebooks in VS Code",
            "Notebooks in VS Code (2021 Demo)",
            "Top 20 VS Code Shortcuts",
            "VSCode's Python Interactive mode is AMAZING!",
            "10 Extension VISUAL STUDIO CODE (VSCODE) untuk WEB DEVELOPER Pemula",
            "Step by Step Guide - VS Code for Spring Boot Java Development",
            "MongoDB VS Code Plugin: Tips and Tricks",
            "Learning Haskell Week01 - Getting Started With Haskell Using VS Code",
            "VSCode | HTML and CSS support and configuration",
            "How to use VS Code on iPad (Step by Step Instructions with raspberry Pi)",
            "Visual Studio Code Intro & Setup",
            "Install & Configure VS Code With C Compiler: C Tutorial In Hindi #3",
            "Using the REST Client VSCode Plugin",
            "Set Up C++ Development With Visual Studio Code on Windows 10 (VS Code)",
            "Apple M1 and VSCode Performance",
            "Visual Studio Code Tutorial for Beginners | Beginners Guide to VS Code",
            "How to setup VS Code for Laravel 8 In 2020 | Learn Laravel From Scratch | Laravel 8 For Beginners",
            "Top 5 Best VS Code Extensions (2021)",
            "Learn Studio Session: Build a WebAssembly app with Blazor & VS Code | COM141",
            "How to set up VS Code for Node.js development [5 of 26] | Beginner's Series to Node.js",
            "Bad Apple!! but it's a VS Code Auto-Formatter",
            "Configurando o VS Code para Python",
            "How to use Git inside of VSCode - 2020",
            "Supercharge Your Docker Development with VS Code",
            "#3: Download & Install VS Code IDE for ReactJS in Hindi in 2020",
            "How to Run C and C++ Programs on VS code?",
            "VS Code Productivity Tips and Tricks",
            "VS Code Like a Pro - 7 Next Level Tips and Tricks",
            "VS Code on my Phone for Website Dev... (How I did it)",
            "Brackets is Dead | Switch to VS Code (Visual Studio Code Setup 2021)",
            "Using VS Code with Python for Data Science / Data Analysis - P.5",
            "Markdown to PDF extension in VSCode",
            "Top 10 Best VSCode Extensions for Vue JS Developers! (2021)",
            "VS Code Path Trick w/ JavaScript #Shorts",
            "Jupyter Notebooks in VS Code with Python Extension - Tutorial Introducing Kernels, Markdown, & Cells",
            "Getting started with VS Code Go",
            "Flutter VSCode Extensions and Shortcuts | Flutter For Beginners",
            "Getting started with Node.js debugging in VS Code",
            "Dart Setup - Installing Dart SDK and VS Code",
            "How To Use SFML With C++ And VSCode",
            "VSCode Tinder",
            "How to Run Node.js in VS Code From Scratch",
            "Top 12 VScode Extensions for PHP",
            "Quick User Guide for the ESP-IDF VS Code Extension",
            "Docker Build: Working with Docker and VSCode",
            "How to Setup VSCode for Home Assistant",
            "Thunder client - Vscode extension | Say no to Postman",
            "Java and VSCode: Tips and Tricks",
            "Get Started with Clojure in VS Code in 20 seconds",
            "Top 8 VS Code Themes in 2020",
            "VS Code Day Keynote with Erich Gamma",
            "Top 10 VS Code Extensions for Web Development (2020)",
            "Work faster and smarter with these VS Code shortcuts",
            "PHPStorm vs VSCode for PHP Development - Full Comparison [2 hours]",
            "Edit and Run Code in VS Code",
            "5 Essential Features in VS Code for PowerShell",
            "15 VS Code Extensions For Front-End Developers in 2019",
            "Version Control in VS Code",
            "Get started with VS Code Extensions",
            "How to Run HTML in Visual Studio Code on Windows 10 2021",
            "Setting Up VS Code For JavaScript | JavaScript For Beginners | JavaScript Tutorials",
            "Visual Studio Code (Mac) - Setting up a Python Development Environment and Complete Overview",
            "Visual Studio Code | Installation et Astuces Indispensables",
            "VSCode Clubhouse",
            "VS Code extensions that I can't live without!",
            "How To Create And Deploy A VSCode Extension",
            "Setup Flutter in VS Code and Create & Run Flutter Project (Hindi)",
            "Developing on Windows with WSL2 (Subsystem for Linux), VS Code, Docker, and the Terminal",
            "Micropython Development for M5Stack in VSCode",
            "How To Use GitHub with VS Code in 2020 | Merge, Branch & Pull Request | Part 5"
        ]
    }
}