{
    "you laugh you lose": {
        "clickbait_avg_views": 3536439.9452054794,
        "noclickbait_avg_views": 5169001.41025641,
        "clickbait_noclickbait_avg_ratio": 0.6841630838382868,
        "clickbait_per_video": 0.6517857142857143,
        "video_counts": 112,
        "clickbait_video_count": 73,
        "noclclickbait_video_count": 39,
        "total_views": 459751171,
        "clickbait_views": 258160116,
        "noclclickbait_views": 201591055,
        "result": [
            true,
            true,
            true,
            true,
            true,
            false,
            false,
            true,
            false,
            true,
            true,
            true,
            false,
            false,
            false,
            false,
            false,
            true,
            true,
            true,
            true,
            true,
            true,
            false,
            true,
            true,
            true,
            false,
            true,
            true,
            true,
            true,
            false,
            false,
            true,
            true,
            true,
            false,
            false,
            true,
            true,
            false,
            true,
            true,
            true,
            true,
            true,
            true,
            false,
            false,
            true,
            false,
            true,
            false,
            true,
            true,
            true,
            true,
            true,
            true,
            false,
            true,
            true,
            true,
            true,
            false,
            false,
            true,
            true,
            false,
            true,
            true,
            true,
            false,
            false,
            true,
            true,
            true,
            false,
            true,
            false,
            false,
            true,
            true,
            true,
            true,
            true,
            true,
            false,
            false,
            true,
            true,
            false,
            true,
            false,
            false,
            false,
            true,
            false,
            true,
            true,
            true,
            true,
            true,
            true,
            false,
            true,
            false,
            true,
            false,
            true,
            false
        ],
        "view": [
            "302487",
            "222334",
            "236832",
            "15588187",
            "402654",
            "11277438",
            "711034",
            "21779949",
            "622381",
            "8834566",
            "14218946",
            "9772937",
            "23918171",
            "1674605",
            "6473988",
            "2685446",
            "2778636",
            "464706",
            "1461726",
            "7194571",
            "4145844",
            "477233",
            "439151",
            "492534",
            "497773",
            "226357",
            "481205",
            "219910",
            "5265898",
            "4996860",
            "3483153",
            "9074462",
            "3193993",
            "516949",
            "89556",
            "67923",
            "2453",
            "5029323",
            "15047181",
            "587554",
            "431976",
            "1762948",
            "32325",
            "17683273",
            "1452664",
            "9394423",
            "2979553",
            "526121",
            "34184481",
            "905368",
            "452250",
            "2592449",
            "125849",
            "1425310",
            "2453896",
            "6022783",
            "545844",
            "5838288",
            "642291",
            "31143",
            "8607411",
            "25895228",
            "77043",
            "1126557",
            "552698",
            "3216974",
            "955877",
            "1055116",
            "5619045",
            "12035984",
            "511885",
            "349813",
            "111407",
            "7023486",
            "12588437",
            "529237",
            "783298",
            "1194175",
            "485811",
            "566961",
            "721163",
            "18298238",
            "418445",
            "10885357",
            "7905",
            "154221",
            "130781",
            "378952",
            "416837",
            "307024",
            "18743315",
            "150620",
            "787056",
            "11300469",
            "1017499",
            "5683061",
            "9610682",
            "83304",
            "173229",
            "108379",
            "35201",
            "503169",
            "715997",
            "53478",
            "7043425",
            "3217754",
            "9391778",
            "39589",
            "507098",
            "678246",
            "247763",
            "214552"
        ],
        "title": [
            "YOU LAUGH YOU LOSE #53",
            "YOU LAUGH YOU LOSE YOUR DRIP",
            "EXTREME YOU LAUGH YOU LOSE CHALLENGE - Halarious And Funny Clips",
            "Minecraft, But If You Laugh You Lose REMATCH",
            "YOU LAUGH YOU LOSE #52",
            "Dad Jokes | You Laugh, You Lose | Dormtainment vs. Dormtainment Pt. 1 | All Def",
            "Every Time I Laugh, I Lose $100 #2",
            "YOU LAUGH? YOU LOSE! CHALLENGE - YLYL #0001",
            "If You Laugh, You Leave #2",
            "You LAUGH You LAUGH Challenge (Impossible)(NotEasy)  YLYL #0068",
            "YOU LAUGH YOU LOSE - SIDEMEN DO BAD JOKES",
            "You Laugh You Lose (HARMONICA EDITION)",
            "Minecraft, But If You Laugh You Lose...",
            "You Laugh you lose",
            "you laugh you lose",
            "You Laugh You Lose | Tag Team Edition | Ft Aishwarya Suresh & Thatmalluchick | Jordindian",
            "You Laugh You Lose I Friendship Day Edition I Jordindian",
            "YOU LAUGH YOU LOSE #51",
            "YOU LAUGH YOU LOSE",
            "Hardest You Laugh You Lose Yet (ULTIMATE YLYL)",
            "You Laugh You Lose (SMILE EDITION)",
            "YOU LAUGH YOU LOSE #41",
            "YOU LAUGH YOU LOSE YOUR COUNTRY",
            "you don't laugh, you don't lose",
            "YOU LAUGH YOU LOSE #45",
            "YOU LAUGH YOU LOSE HALF UNIVERSE",
            "YOU LAUGH YOU LOSE #50",
            "you laugh you lose but its actually funny",
            "If You LAUGH You LOSE Part 2 (HARDEST TikTok Edition)",
            "YOU LAUGH, YOU LOSE 2 (FORTNITE)",
            "YOU LAUGH YOU LOSE (Classical Music Edition)",
            "YOU LAUGH, YOU LOSE (FORTNITE)",
            "You Laugh You Lose Challenge | Rimorav Vlogs",
            "JORDINDIAN | You Laugh You Lose | Tag Team Edition | Reaction by Jaby Koay & Achara Kirk",
            "You Laugh You LOSE (Loser Pays $$$)",
            "*IF YOU LAUGH, YOU LOSE* 99 97% WILL LAUGH AT THIS VIDEO !!!",
            "YOU LAUGH YOU LOSE FFXIV EDITION",
            "You Laugh You Leave w/ Lunch Club",
            "BTS \"You Laugh = You Lose\" Challenge [Ultimate Version]",
            "YOU LAUGH YOU LOSE #38",
            "YOU LAUGH YOU LOSE #43",
            "If you laugh you lose ft. Shehnaaz Gill, Sidharth Shukla, Sunil Grover & Gaurav Gera",
            "WAG KANG TUMAWA LODIBABES #10 (You Laugh, You Lose)",
            "WWE Funniest Moments - YOU LAUGH YOU LOSE! #1 (2018)",
            "YOU LAUGH YOU LOOSE #1 (SPORTS EDITION) | RAWKNEE",
            "YOU LAUGH YOU LOSE with CLICK!",
            "YOU LAUGH YOU LOSE!",
            "YOU LAUGH YOU LOSE #39",
            "Dad Jokes | You Laugh, You Lose | Will Ferrell vs. Mark Wahlberg | All Def",
            "If You Laugh, You Leave",
            "YOU LAUGH YOU LOSE #44",
            "bts you laugh? you lose! challenge #2",
            "You LAUGH You LOSE - BRAWL STARS Funny Moments #3!",
            "Every Time I Laugh, I Lose $100",
            "YOU LAUGH YOU LOSE! (w/Cameron Domasky)",
            "YOU LAUGH YOU LOSE - WWE FUNNIEST MOMENTS #3",
            "YOU LAUGH YOU LOSE #49",
            "FilterCopy Vs JordIndian | YOLO: You Only Laugh Once | S01E01 | Ft Jordindian, Nayana & Banerjee",
            "YOU LAUGH YOU LOSE #36",
            "Tubbo & Jack React To Media Shares! | YOU LAUGH YOU LOSE (Dream SMP)",
            "Impractical Jokers: Top You Laugh You Lose Moments (Mashup) | truTV",
            "LAUGH = DELETE MINECRAFT! (You Laugh You Lose)",
            "YOU LAUGH YOU LOSE WITH ANGRYDAD PART 2",
            "Minecraft, But If You Laugh You Lose REMATCH - Extra Scenes",
            "YOU LAUGH YOU LOSE #37",
            "Dad Jokes | You Laugh, You Lose | Tony vs. Brandon | All Def",
            "If I Laugh, The Video Ends #53",
            "YOU LAUGH = YOU LOSE",
            "You Laugh You Lose Challenge (Leaked LAUGH REVEAL Video??)",
            "Minecraft's Funniest You Laugh You Lose...",
            "YOU LAUGH YOU LOSE #47",
            "YOU LAUGH YOU LOSE YOUR BALLS",
            "You LAUGH You LOSE - BRAWL STARS Funny Moments 2!",
            "Dad Jokes | You Laugh, You Lose | Honest John vs. Deloor | All Def",
            "You Laugh You Lose vs Unspeakable!",
            "YOU LAUGH YOU LOSE #35",
            "ULTIMATE YOU LAUGH YOU LOSE CHALLENGE",
            "If You LAUGH You LOSE!! (Blockman Go Edition)",
            "Discord's You Laugh You Lose 3 | YLYL",
            "YOU LAUGH YOU LOSE #48",
            "If I Laugh, The Video Ends #56",
            "You Laugh You Lose (Minecraft Edition) YLYL #0063",
            "YOU LAUGH = YOU LOSE",
            "If We Laugh, the Video Ends (ULTIMATE YLYL)",
            "TommyInnit You LAUGH You LOSE Challenge w/ Tubbo",
            "YOU LAUGH YOU LOSE $1000",
            "You LAUGH You LOSE - BRAWL STARS Funny Moments!",
            "YOU LAUGH YOU LOSE #31",
            "Tubbo does you laugh you lose for 20 minutes...",
            "\"You Laugh You Lose\" Cotton Warns Durbin To Stop Interrupting Him While He Was Asking Kristen Clarke",
            "YOU LAUGH YOU SLAV - YLYL #0022",
            "GeorgeNotFound - IF YOU LAUGH YOU LOSE MEDIA SHARE (ft. Quackity and Karl Jacobs) [FULL]",
            "If I Laugh, The Video Ends #54",
            "You Laugh You Lose - AVENGERS INFINITY WAR Edition",
            "You Laugh You Lose! (Gassy Edition)",
            "bts you laugh? you lose! challenge",
            "Dad Jokes | You Laugh, You Lose | Patrick vs. Rotimi | All Def",
            "YOU LAUGH YOU LOSE DING LING",
            "George Does You Laugh You Lose FT. Quackity and Karl - Full VOD",
            "YOU LAUGH YOU RESTART THE VIDEO! (NEAR IMPOSSIBLE)",
            "YOU LAUGH YOU LOSE YOUR STOCKS",
            "YOU LAUGH, YOU LOSE #2",
            "YOU LAUGH YOU LOSE #40",
            "MINECRAFT, Pero BAWAL KA TUMAWA.. (YOU LAUGH YOU LOSE)",
            "(CHALLENGE) You Lose You Laugh, Can you do it?",
            "Doctors Try Not To Laugh Challenge | You Laugh, You Lose YLYL",
            "If You LAUGH, You LOSE!! (HARDEST TikTok Edition)",
            "Minecraft's Funniest You Laugh You Lose Reaction! It's Hilarious...",
            "YOU LAUGH YOU LOSE #42",
            "If I Laugh, I Lose $1000",
            "YOU LAUGH, YOU LOSE! (Funny TikTok Animals)",
            "We Played You Laugh You Lose and Made Stupid Units in Animal Revolt Battle Simulator Multiplayer!"
        ]
    }
}