{
    "overwatch": {
        "clickbait_avg_views": 2108982.744680851,
        "noclickbait_avg_views": 99738.52173913043,
        "clickbait_noclickbait_avg_ratio": 21.145117331866707,
        "clickbait_per_video": 0.5053763440860215,
        "video_counts": 93,
        "clickbait_video_count": 47,
        "noclclickbait_video_count": 46,
        "total_views": 103710161,
        "clickbait_views": 99122189,
        "noclclickbait_views": 4587972,
        "result": [
            false,
            true,
            false,
            true,
            true,
            true,
            false,
            false,
            false,
            true,
            false,
            false,
            true,
            true,
            true,
            false,
            false,
            true,
            true,
            false,
            true,
            true,
            false,
            false,
            false,
            false,
            true,
            false,
            true,
            true,
            false,
            false,
            true,
            true,
            false,
            true,
            false,
            false,
            false,
            false,
            true,
            false,
            false,
            true,
            false,
            false,
            true,
            true,
            false,
            true,
            true,
            false,
            false,
            true,
            true,
            true,
            true,
            true,
            true,
            true,
            true,
            false,
            false,
            false,
            false,
            true,
            true,
            true,
            false,
            true,
            false,
            false,
            true,
            false,
            false,
            false,
            false,
            true,
            true,
            true,
            false,
            true,
            false,
            true,
            false,
            true,
            true,
            true,
            true,
            false,
            false,
            true,
            false
        ],
        "view": [
            "28077",
            "52812",
            "16409",
            "7546",
            "8530932",
            "130036",
            "7051",
            "4066",
            "925973",
            "25545",
            "1109",
            "295826",
            "59161",
            "74546",
            "1943",
            "269030",
            "2169",
            "39380",
            "21857",
            "56437",
            "55502",
            "51344",
            "4724",
            "66448",
            "46204",
            "37934",
            "14657",
            "201",
            "27232",
            "28555",
            "59387",
            "15573",
            "17668913",
            "21702",
            "29157",
            "147182",
            "30023",
            "105714",
            "54427",
            "64345",
            "21598",
            "149756",
            "52373",
            "13527",
            "108543",
            "72859",
            "196681",
            "102385",
            "71126",
            "78761",
            "156366",
            "43735",
            "59203",
            "213066",
            "54159",
            "647755",
            "8844",
            "168652",
            "52904",
            "123954",
            "26227",
            "46630",
            "139281",
            "59870",
            "50223",
            "217496",
            "1943",
            "73427",
            "191028",
            "161593",
            "56503",
            "39968",
            "25006",
            "47799",
            "67980",
            "67980",
            "107181",
            "137241",
            "69576",
            "94036",
            "106841",
            "246130",
            "565423",
            "62106788",
            "166224",
            "32515",
            "46907",
            "168652",
            "73859",
            "63413",
            "69745",
            "6843296",
            "64004"
        ],
        "title": [
            "Overwatch Moments #433",
            "Caster Do A Pretty Good Job In The OWL! - Overwatch Funny Moments 1626",
            "Team Gets 3 Gravs In 30 Seconds! - Overwatch Streamer Moments Ep. 530",
            "#1 CONTROLLER Player in OVERWATCH - Best of JOYSTICK Tank God Montage",
            "OVERWATCH 2 & 1 Full Movie (2020) All Animated Short Cinematics 4K ULTRA HD",
            "Overwatch MOST VIEWED Twitch Clips of The Week! #132",
            "I Love to Make People Mad - Overwatch",
            "Gale Human Aimbot Ashe gameplay! 42 elims! [ Overwatch Top 500 Season 28 ]",
            "Overwatch 2 Developer PVP Livestream",
            "BRANDITO - DOOMFIST GOD IS BACK ! - Overwatch Montage",
            "Jake Pro Ashe gameplay - 44 elims! [ Overwatch Season 28 Top 500 ]",
            "Overwatch 2 PVP Developer Livestream",
            "This Is Why Super Is The Best Tank In The OWL! - Overwatch Funny Moments 1624",
            "OWL Players Got Echo Nerfed Because Of This! - Overwatch Funny Moments 1625",
            "TRASH TALKER GETS OWNED ON STREAM (SHUTTING UP TOXIC TEAMMATE IN OVERWATCH)",
            "Overwatch 2 Developer PVP Livestream",
            "Gale Top 500 Soldier 76 and McCree gameplay! 41 elims! [ Overwatch Season 28 Top 500 ]",
            "This Aimbot Hacker Deserves a BAN..! | Overwatch Daily Moments Ep.1516 (Funny and Random Moments)",
            "Overwatch - RANKING EVERY DANCE EMOTE IN OVERWATCH",
            "Overwatch Moments #415",
            "Overwatch - *HUGE* New Update SOON! / Bastion Rework / PING System COMING?! / Cross Progression?!",
            "Overwatch Plays with INSANELY Amazing Timing!",
            "Arrge 5061+ hours of Hanzo - 40 elims! POTG [ Overwatch Season 28 Top 500 ]",
            "Cheater Stops To Turn On Aimbot & Wallhack Mid Game! - Overwatch Funny Moments 1623",
            "Fitzy Shows How To Counter Torb's Turret As Sombra! - Overwatch Streamer Moments Ep. 528",
            "Can't get More Satisfying than This! | Overwatch Daily Moments Ep.1508 (Funny and Random Moments)",
            "Overwatch Streamer FIRED After Apology (SamitoFPS)",
            "Dallas Fuel VS Houston Outlaws - Overwatch League 2021 Highlights | Week 8 Day 4",
            "Overwatch - McCREE CARNE ADOVADA RECIPE (Chef You Wack)",
            "Crazy Historic Plays that are NO LONGER POSSIBLE! - Overwatch",
            "Overwatch Moments #427",
            "Something I didn't know I needed..! | Overwatch Daily Moments Ep.1518 (Funny and Random Moments)",
            "OVERWATCH Full Movie (2020) All Animated Short Cinematic",
            "These Overwatch Outplays took 5 YEARS TO MASTER!",
            "A Simple But Very Useful Spot On Busan! - Overwatch Streamer Moments Ep. 529",
            "Overwatch MOST VIEWED Twitch Clips of The Week! #127",
            "Overwatch NERFS!",
            "Overwatch 2 Gameplay Reveal - New York (5v5)",
            "Overwatch Moments #424",
            "so i got Samito on my team... (Overwatch)",
            "These OP Overwatch Tricks GARUNTEE RANK Top500!",
            "Overwatch 2 - New York Map 5v5 PvP Gameplay Reveal",
            "Overwatch 2 New Moira Ability Concepts! | Overwatch Daily Moments Ep.1515 (Funny and Random Moments)",
            "Unexpected Overwatch Moments that will SHOCK YOU!!",
            "Streamers React To New Baptiste Rapid Fire Cheats! - Overwatch Funny Moments 1607",
            "M0XYY Gets Hacker Banned Mid Game! - Overwatch Funny Moments 1617",
            "Cyx gets a GOLD game (Overwatch)",
            "UNRANKED TO GM ROADHOG ONLY #1 (Overwatch)",
            "SF Shock Just Got Sponsored By McDonald's But... - Overwatch Funny Moments 1620",
            "Brandito Finally Used This NEW Doomfist Tech! - Overwatch Funny Moments 1612",
            "Overwatch MOST VIEWED Twitch Clips of The Week! #131",
            "Overwatch Moments #432",
            "No Gold Medal Could Help Super Win This Game! - Overwatch Funny Moments 1621",
            "Overwatch MOST VIEWED Twitch Clips of The Week! #125",
            "What PERFECT Combo Looks Like!! | Overwatch Daily Moments Ep.1493 (Funny and Random Moments)",
            "FAVIJ vs HAL (LA RIVINCITA) - Campione Italiano di OVERWATCH",
            "The ONLY WAY to HARD CARRY as DPS - HANZO Hero Tricks - Overwatch Guide",
            "Getting More Impossible Achievements In Overwatch",
            "Overwatch - BEST HEROES TO PLAY IN SEASON 28",
            "Overwatch - OPENING 100+ ANNIVERSARY LOOT BOXES",
            "Top500 Montage that'll make YOU want to PLAY RANKED! - Overwatch",
            "Top 50 Craziest Outplays that will bring you back to Overwatch in 2021",
            "The 2021 State of Overwatch - Multiplayer Review",
            "Overwatch Moments #422",
            "mL7 Impressed By His Teammate's Amazing Winston Bubble! - Overwatch Streamer Moments Ep. 524",
            "TIMTHETATMAN FINISHES HIS DPS PLACEMENTS (Overwatch)",
            "TRASH TALKER GETS OWNED ON STREAM (SHUTTING UP TOXIC TEAMMATE IN OVERWATCH)",
            "Overwatch 2 - Sym Support REWORK? NEW SR Decay? Ranked Seasons Overhaul? Guild System?!",
            "Overwatch 2 Developer PVP Recap",
            "Overwatch MOST VIEWED Twitch Clips of The Week! #128",
            "Overwatch Moments #426",
            "Overwatch Daily Moments Ep.1510 (Funny and Random Moments)",
            "Overwatch - ALL OF SKINS AND ITEMS IN OVERWATCH (Hero Gallery Tour Part 2!)",
            "Overwatch Moments #429",
            "How Did Dallas Fuel Suppress The SF Shock? - Pro Overwatch Analysis",
            "How Did Dallas Fuel Suppress The SF Shock? - Pro Overwatch Analysis",
            "Overwatch moments that are actually funny",
            "OVERWATCH IS STILL TOXIC... (TANK PLACEMENTS)",
            "I Can't Think Of a Good Title For THIS!  - Overwatch Funny Moments 1618",
            "Overwatch - ALL 2021 ANNIVERSARY EVENT SKINS AND ITEMS",
            "a little bit of Overwatch Trolling...",
            "Overwatch MOST VIEWED Twitch Clips of The Week! #122",
            "I tried getting the HARDEST Overwatch Achievements Challenge",
            "OVERWATCH RAP BATTLE",
            "Trolling the Best Widowmaker in Overwatch",
            "Overwatch - McCree Damage NERF / Reaper Lifesteal BUFF! (Overwatch Experimental Update)",
            "Overwatch - A BAD YEAR OF OVERWATCH",
            "Getting More Impossible Achievements In Overwatch",
            "8 Heroes EVERYONE Plays WRONG - DO THIS Instead, It SIMPLY WORKS - Overwatch Guide",
            "M0XYY's \"Friend\" Makes Fun Of Him In Front Of A Girl! - Overwatch Funny Moments 1622",
            "How is this Genji so Good?! | Overwatch Daily Moments Ep.1497 (Funny and Random Moments)",
            "OVERWATCH 2 Full Movie",
            "Overwatch Big Changes for PvP - Hero Reworks and more!"
        ]
    }
}