{
    "fortnite": {
        "clickbait_avg_views": 840028.1964285715,
        "noclickbait_avg_views": 608186.2352941176,
        "clickbait_noclickbait_avg_ratio": 1.3812022497061869,
        "clickbait_per_video": 0.6222222222222222,
        "video_counts": 90,
        "clickbait_video_count": 56,
        "noclclickbait_video_count": 34,
        "total_views": 67719911,
        "clickbait_views": 47041579,
        "noclclickbait_views": 20678332,
        "result": [
            false,
            true,
            true,
            false,
            true,
            true,
            false,
            true,
            true,
            true,
            true,
            true,
            false,
            true,
            true,
            false,
            true,
            false,
            true,
            true,
            false,
            false,
            false,
            false,
            false,
            false,
            true,
            true,
            false,
            false,
            true,
            true,
            true,
            true,
            true,
            true,
            true,
            false,
            true,
            true,
            false,
            true,
            false,
            true,
            true,
            true,
            false,
            false,
            true,
            true,
            true,
            true,
            true,
            true,
            true,
            false,
            true,
            true,
            true,
            false,
            true,
            true,
            false,
            true,
            false,
            true,
            false,
            false,
            true,
            true,
            true,
            false,
            true,
            false,
            true,
            false,
            true,
            true,
            false,
            true,
            false,
            true,
            true,
            false,
            false,
            true,
            true,
            false,
            false,
            true
        ],
        "view": [
            "38398",
            "330631",
            "8482",
            "69766",
            "463024",
            "474062",
            "27123",
            "1694639",
            "422192",
            "1071028",
            "81180",
            "504345",
            "192535",
            "2437102",
            "162113",
            "1152684",
            "430405",
            "276886",
            "1392818",
            "370597",
            "772471",
            "73895",
            "448628",
            "429541",
            "991272",
            "535155",
            "196310",
            "102249",
            "966293",
            "338446",
            "1259064",
            "1770647",
            "1038006",
            "1217091",
            "864140",
            "1032183",
            "146976",
            "111902",
            "404753",
            "185123",
            "239638",
            "992072",
            "551974",
            "745233",
            "861067",
            "805254",
            "357794",
            "930617",
            "1029798",
            "1410836",
            "629784",
            "1305865",
            "1108078",
            "1694651",
            "59553",
            "860297",
            "1084886",
            "861843",
            "1020995",
            "575792",
            "456432",
            "241353",
            "533836",
            "136583",
            "269581",
            "967238",
            "782110",
            "342675",
            "794078",
            "647765",
            "53980",
            "101335",
            "1413767",
            "306943",
            "1002733",
            "1044087",
            "904814",
            "1343956",
            "1359019",
            "1330272",
            "44306",
            "118548",
            "776482",
            "3942123",
            "847455",
            "3316997",
            "982821",
            "1102993",
            "60762",
            "884685"
        ],
        "title": [
            "High Elimination Solo vs Squads Win Gameplay Full Game Season 6 (Fortnite Ps4 Controller)",
            "*NEW* Season 7 SKINS, GUNS + MORE! (Fortnite Chapter 2 Season 7)",
            "What Happens if ALL BOSSES & NPCs Meet in Fortnite!",
            "Best Fortnite Season 6 Funny & WTF Moments! #39 (MrSavage, Bugha, Letshe, TSM Ops)",
            "Fortnite's NEW Trailer Confirms GRAVITY GUN!",
            "Fortnite's Most HILARIOUS WTF Moments",
            "Boney Burbs Raptor Attack! | Fortnite Solos Animation (Primal Peggy & Raptor Rick)",
            "Fortnite SEASON 7 - EVERYTHING WE KNOW!",
            "FORTNITE SEASON 7 ANNOUNCE TRAILER",
            "Fortnite's FIRST Season 7 TRAILER!",
            "*WORLD RECORD* 5000 MATS IN 5 SECONDS!! - Fortnite Funny and WTF Moments! 1287",
            "I Went UNDERCOVER in Fortnite Streamers Tournaments!",
            "Fortnite WTF Moments #382",
            "MY RETURN TO FORTNITE | NINJA",
            "20 SKINS Fortnite Should NEVER Add!",
            "ALIENS in FORTNITE!!",
            "New Season 7 BATTLE PASS in Fortnite!",
            "Last to Stop Floating in Fortnite Wins $1000...",
            "25 Most EPIC Fortnite Moments",
            "FORTNITE SEASON 7 TRAILER",
            "Nick Eh 30 reacts to Aliens in Fortnite!",
            "High Elimination Solo vs Squads Win Gameplay Full Game Season 6 (Fortnite Ps4 Controller)",
            "Fortnite Season 7 Live Event",
            "Destroy Spooky TV Sets All Locations - Fortnite",
            "ALIENS in FORTNITE!  (Abduction Update!)",
            "The *DEATHSTROKE* Challenge in Fortnite!",
            "SEASON 7 Battle Pass in FORTNITE!",
            "Fortnite Season 7 ALIEN Weapons, PUMP Vaulted, Battle Pass COLLAB!",
            "Fortnite WTF Moments #379",
            "Fortnite WTF Moments #381",
            "30 MOST HATED Fortnite Skins",
            "New UNVAULTED WEAPON UPDATE in Fortnite! (Season 6)",
            "THANOS IS BACK IN FORTNITE!?!",
            "Unlocking *DEATHSTROKE* EARLY in Fortnite",
            "Everything You NEED To Know Before Fortnite Season 7!",
            "I WAS ABDUCTED BY A UFO?!! (Alien Update)",
            "*NEW EVENT* UFO COUNTDOWN HAS BEGUN!! - Fortnite Funny and WTF Moments! 1286",
            "Fortnite Season 7 Battlepass Trailer",
            "I GOT ABDUCTED BY ALIENS! (Fortnite Season 7 is coming)",
            "Season 7 EVENT NOW in Fortnite!",
            "Popping Off with the Crossbow in Fortnite! (w/ @SypherPK)",
            "The *RANDOM* SPORTS BOSS Challenge in Fortnite!",
            "FORTNITE FAILS & Epic Wins! #188 (Fortnite Battle Royale Funny Moments)",
            "New SPIRE IMMORTAL Skin! (Fortnite Season 6)",
            "Worlds BEST Fortnite Player vs 50 Players!",
            "OLD FORTNITE IS BACK!",
            "Fortnite WTF Moments #380",
            "FORTNITE FAILS & Epic Wins! #189 (Fortnite Battle Royale Funny Moments)",
            "*NEW* GOLD UPDATE is HERE!",
            "I Trolled Youtubers that I got Fortnite SEASON 7 early!",
            "New UFO VEHICLE in Fortnite NOW!",
            "Wait... WHAT!? (Fortnite)",
            "New NBA UPDATE in FORTNITE! (Early)",
            "I GOT MY OWN SKIN! (Fortnite)",
            "I played Fortnite with a CUSTOM CROSSHAIR in ARENA...",
            "Spectating suspect Fortnite players...",
            "Fortnite Sent Me the First TEASER For Season 7!",
            "Watch This *BEFORE* Season 7! (IMPORTANT)",
            "Fortnite's *BROKE* This Skin!",
            "Nick Eh 30 reacts to NBA in Fortnite + Dualies unvaulted!",
            "New FAST XP Tricks and COINS in Fortnite!",
            "We MADE the ULTIMATE Season 7 Battle Pass! (Fortnite)",
            "GOODBYE FORTNITE...",
            "DEATHSTROKE ORIGIN STORY! (A Fortnite Short Film)",
            "Fortnite WTF Moments #376",
            "*NEW* Fortnite SEASON 7 - FIRST LOOK!",
            "I made a new MOD for cars in Fortnite!",
            "Fortnite Season 6 Story Recap (Watch Before Season 7)",
            "The *MECHA CUDDLE MASTER* Challenge in Fortnite!",
            "*NEW* ALIENS have ARRIVED in Fortnite! (Chapter 2 Season 7 Leaks)",
            "O DIA QUE FREE FIRE \"COPIOU\" FORTNITE!",
            "36 Kill Solo Vs Squads Gameplay Full Game Season 6 (Fortnite Ps4 Controller)",
            "The *RANDOM* MIDAS BOSS Challenge in Fortnite!",
            "Aliens In Fortnite Season 7",
            "*NEW* FAN FAVOURITE GUN in Fortnite (UPDATE)",
            "Fortnite WTF Moments #371",
            "What Epic NEEDS To Do in Fortnite Season 7...",
            "10 Most BROKEN Fortnite Glitches",
            "ridiculous fortnite glitches",
            "New *APOCALYPSE* UPDATE in FORTNITE! (Impossible Escape)",
            "Fortnite Tik Tok Montage #194",
            "Fortnite Season 7 \"Arrival\" Trailer, ALIEN Weapons, Battle Pass!",
            "THE BEST SNIPER IN FORTNITE!",
            "Reacting to the LUCKIEST Moments in Fortnite History...",
            "LEBRON JAMES in FORTNITE!",
            "The *RANDOM* MEOWSCLES BOSS Challenge in Fortnite!",
            "I made a kid cry AGAIN in Fortnite..",
            "High Elimination Solo Vs Squads Full Game (Fortnite Chapter 2 Season 3 PS4 Scuf Controller)",
            "High Elimination Solo vs Squads Win Gameplay Full Game Season 6 (Fortnite Ps4 Controller)",
            "100,000+ V-Bucks ITEM SHOP! Winning in Solos!! (Fortnite)"
        ]
    }
}