{
    "minecraft": {
        "clickbait_avg_views": 2005095.388888889,
        "noclickbait_avg_views": 3826873.4680851065,
        "clickbait_noclickbait_avg_ratio": 0.523951315770103,
        "clickbait_per_video": 0.43373493975903615,
        "video_counts": 83,
        "clickbait_video_count": 36,
        "noclclickbait_video_count": 47,
        "total_views": 252046487,
        "clickbait_views": 72183434,
        "noclclickbait_views": 179863053,
        "result": [
            true,
            false,
            true,
            false,
            false,
            false,
            true,
            true,
            true,
            true,
            false,
            false,
            false,
            true,
            false,
            true,
            false,
            false,
            false,
            false,
            true,
            true,
            true,
            true,
            true,
            false,
            true,
            false,
            false,
            false,
            true,
            true,
            true,
            false,
            true,
            true,
            false,
            false,
            false,
            false,
            false,
            false,
            false,
            false,
            true,
            true,
            false,
            false,
            true,
            true,
            true,
            false,
            true,
            false,
            true,
            false,
            true,
            false,
            true,
            false,
            false,
            false,
            false,
            false,
            false,
            true,
            false,
            true,
            false,
            false,
            false,
            true,
            false,
            true,
            false,
            false,
            true,
            true,
            false,
            true,
            true,
            false,
            false
        ],
        "view": [
            "2093148",
            "360793",
            "196954",
            "15696",
            "48116",
            "307805",
            "365292",
            "208946",
            "811027",
            "98108",
            "1122268",
            "306198",
            "1692032",
            "161639",
            "4605638",
            "149643",
            "1442845",
            "2535347",
            "811361",
            "1707294",
            "254660",
            "3526448",
            "3428790",
            "2581619",
            "1580631",
            "1267405",
            "4541398",
            "734041",
            "2015536",
            "5299279",
            "292026",
            "247494",
            "7332134",
            "2337715",
            "676821",
            "1104227",
            "4341280",
            "90529",
            "4453694",
            "3276937",
            "8667012",
            "746187",
            "4802040",
            "165143",
            "7665897",
            "141609",
            "3095894",
            "1269522",
            "3963699",
            "699597",
            "3155879",
            "323250",
            "5229055",
            "24595701",
            "6314344",
            "1728224",
            "613516",
            "6111048",
            "5379937",
            "560694",
            "324668",
            "3348070",
            "2144950",
            "2502408",
            "32619348",
            "105824",
            "17038667",
            "540000",
            "375416",
            "4561975",
            "64215",
            "803505",
            "7042649",
            "430112",
            "2153791",
            "6882682",
            "1001446",
            "4405963",
            "4122801",
            "799884",
            "1282162",
            "3104349",
            "2740540"
        ],
        "title": [
            "Aphmau Is JEALOUS In Minecraft!",
            "Minecraft, But You Can Combine Any Item..",
            "I FOUND REAL SIREN HEAD IN MINECRAFT - GAMEPLAY SCOOBY CRAFT",
            "Monster School : Live Stream - Minecraft Animation",
            "Monster School :  minecraft animation",
            "10 Ways to Prank your Friends! [Minecraft]",
            "CURSED MINECRAFT BUT IT'S UNLUCKY LUCKY FUNNY MOMENTS PART 10",
            "The CRAZIEST Minecraft Bedwars Clutch of ALL TIME...",
            "DON'T OPEN DOOR to MOMO in MINECRAFT By SCOOBY CRAFT",
            "Minecraft Confirms 1.19 Update ALREADY? 2021 Update",
            "Minecraft But You Shapeshift into a YouTuber Every Minute...",
            "Monster School: Herobrine and Girl Sad Love Story (All Episodes) Funny Minecraft Animation",
            "Minecraft, Bad Herobrine Family - Animation Monster School",
            "MOST LUCKY 99% MINECRAFT video By Scooby Craft Gameplay Roblox part",
            "Minecraft, But My Friend Is A Wither...",
            "25 MINECRAFT SECRETS YOU DIDN'T KNOW | MINECRAFT IN HINDI",
            "Minecraft, But Item Drops Are Custom And Multiplied...",
            "Minecraft, But You Can Craft Super Structures...",
            "Minecraft, But The Entire World Is Netherite..",
            "Minecraft: 15+ Castle Build Hacks! [easy]",
            "TESTEI O NOVO MAPA OFICIAL DO BEN 10 NO MINECRAFT !",
            "I Survived 100 Days as a PILLAGER in Hardcore Minecraft... Minecraft Hardcore 100 Days",
            "We're Zombies LOCKED In ONE BLOCK In Minecraft!",
            "My Buzzing BABY BEE Base In Minecraft!",
            "CHAPATI MADE AN EPIC HOUSE IN OLD DUBAI CITY",
            "Minecraft: How to Build a Large Modern House Tutorial (Easy)",
            "Minecraft ANGEL Family vs DEMON Family!",
            "breaking minecraft",
            "Minecraft's Most Unknown Secrets...",
            "Minecraft, But You Can Combine Any Item...",
            "WHAT is INSIDE this BIG HOLE in minecraft ??? - Scooby Craft",
            "SONO SCAPPATO DALLA PRIGIONE! - MINECRAFT *VITA IN PRIGIONE* - FINALE",
            "Upgrading EVERYTHING In Minecraft - The Ultimate Survival World!",
            "Minecraft, But Every Jump Is Multiplied...",
            "Impossible Minecraft Builds #Shorts",
            "I BUILT A TROLL ISLAND For My FRIEND In MINECRAFT!",
            "Minecraft, But You Can Go Inside Any Block...",
            "14 Worst Ways to lose your Hardcore Survival World in Minecraft",
            "Minecraft, But You Can Mine Everything With Your Fist...",
            "Minecraft, But There Are Custom Mobs...",
            "Minecraft, But You Can Craft Any Armor...",
            "Minecraft Memes So Good I Deleted My Diamonds",
            "24 HOURS To Find APHMAU In Minecraft!",
            "SONO CADUTO NELLA TRAPPOLA MALEDETTA - Minecraft ITA",
            "HEROBRINE SMP DAY #7 | MINECRAFT",
            "Do NOT Ride in This TAXI in Minecraft.. *SCARY*",
            "I Survived 1,000 Days in HARDCORE Minecraft...",
            "don't repeat it in minecraft",
            "35 Secret Minecraft Things You Didn't Know",
            "Testing Minecraft Hacks That ACTUALLY Work!",
            "AJJUBHAI NEW SURVIVAL HOUSE VS TECHNO GAMERZ AND CHAPATI LOL HOUSE | MINECRAFT HEROBRINE #2",
            "Escaping Minecraft's Deadliest Prison (ares vault) ft. jjkay03",
            "Minecraft But We Play As HELPFUL HAMSTERS!",
            "100 Days in a Minecraft World",
            "Minecraft Battle: TUNNEL HOUSE BUILD CHALLENGE - NOOB vs PRO vs HACKER vs GOD / Animation PIT HOLE",
            "Every Way to Mob Proof in 14 Minutes or Less in Minecraft",
            "HUNTERS vs TRANSFORMER SPEEDRUNNER! (Minecraft)",
            "Minecraft, But There Are Custom Liquids...",
            "Aphmau Is HEARTBROKEN In Minecraft!",
            "Minecraft, But I Can Become DORAEMON....",
            "Minecraft Manhunt, But I Have Reach...",
            "Monster School : Baby Zombie Rich and Poor - Life Story - Minecraft Animation",
            "Minecraft, But There Are Custom Swords...",
            "The minecraft life of Steve and Alex | Child abandonment  Zombie | Minecraft animation",
            "Minecraft Survivor VS 3 Hitmen...",
            "Minecraft Battle: AQUARIUM HOUSE BUILD CHALLENGE - NOOB vs PRO vs HACKER vs GOD Animation OCEANARIUM",
            "Minecraft, But Villagers Trade OP Items...",
            "Minecraft NOOB vs PRO vs GOD: BUS BUILD CHALLENGE in Minecraft / Animation",
            "Minecraft 1.17 Pre-Release 2 Caves & Cliffs Release Date Confirmed!",
            "Minecraft, But You Can Craft Mobs...",
            "MINECRAFT | We Got Sneezing Pandas and Creepers In One Block Mode | Funny Moments",
            "I Survived 100 Days in the FUTURE in Hardcore Minecraft...",
            "Minecraft's Most Mind-Blowing Inventions...",
            "Minecraft BUT You Can GROW LUCKY BLOCKS!",
            "Minecraft But YouTubers are Totems...",
            "Beating Minecraft Before I Freeze...",
            "So how much easier are Minecraft Speedruns IF you cheat?",
            "The BIRTH To DEATH of an ENDERMAN In Minecraft!",
            "Minecraft, But There Are Custom Fires...",
            "I Survived 100 Days Of Hardcore Minecraft, In A Desert Only World...",
            "Monster School : LOVE RUN CHALLENGE - Minecraft Animation",
            "Minecraft, But Every Drop Is Random And Multiplied...",
            "Minecraft, But Every Click Is OP..."
        ]
    }
}