{
    "github": {
        "clickbait_avg_views": 99920.5,
        "noclickbait_avg_views": 254192.0588235294,
        "clickbait_noclickbait_avg_ratio": 0.39309056491559763,
        "clickbait_per_video": 0.10526315789473684,
        "video_counts": 95,
        "clickbait_video_count": 10,
        "noclclickbait_video_count": 85,
        "total_views": 22605530,
        "clickbait_views": 999205,
        "noclclickbait_views": 21606325,
        "result": [
            false,
            false,
            false,
            false,
            false,
            false,
            false,
            false,
            false,
            false,
            false,
            true,
            false,
            false,
            false,
            false,
            false,
            false,
            false,
            false,
            false,
            false,
            false,
            false,
            false,
            true,
            false,
            false,
            false,
            false,
            false,
            false,
            false,
            false,
            false,
            false,
            false,
            false,
            false,
            false,
            false,
            false,
            false,
            false,
            false,
            false,
            false,
            false,
            false,
            false,
            false,
            false,
            false,
            false,
            false,
            true,
            false,
            false,
            false,
            false,
            false,
            false,
            false,
            false,
            false,
            false,
            true,
            false,
            false,
            false,
            true,
            false,
            false,
            false,
            false,
            false,
            false,
            false,
            false,
            false,
            false,
            true,
            false,
            false,
            true,
            true,
            true,
            false,
            false,
            false,
            false,
            false,
            true,
            false,
            false
        ],
        "view": [
            "740228",
            "1239016",
            "232032",
            "413947",
            "2360454",
            "163281",
            "726425",
            "31361",
            "114425",
            "40023",
            "45600",
            "47619",
            "222006",
            "35701",
            "2792609",
            "311462",
            "1272277",
            "92053",
            "14135",
            "163212",
            "914802",
            "446934",
            "310658",
            "246863",
            "162500",
            "3293",
            "326858",
            "258023",
            "2273",
            "283922",
            "348455",
            "381988",
            "200589",
            "340481",
            "192890",
            "17480",
            "163074",
            "257359",
            "328551",
            "272997",
            "132175",
            "206470",
            "521307",
            "57020",
            "65896",
            "206839",
            "8765",
            "12938",
            "30780",
            "142953",
            "57938",
            "559721",
            "66793",
            "7786",
            "27812",
            "7589",
            "196790",
            "42613",
            "104343",
            "14828",
            "148735",
            "20977",
            "3697",
            "476647",
            "94895",
            "158996",
            "15662",
            "96243",
            "55670",
            "7389",
            "517225",
            "150415",
            "6846",
            "2763",
            "1992",
            "116883",
            "13659",
            "11456",
            "6675",
            "135",
            "6570",
            "265031",
            "47003",
            "63725",
            "2377",
            "10850",
            "27317",
            "840827",
            "20523",
            "62350",
            "5640",
            "123137",
            "102242",
            "129420",
            "2346"
        ],
        "title": [
            "Git and GitHub for Beginners - Crash Course",
            "What is GitHub?",
            "Learn Github in 20 Minutes",
            "GitHub Tutorial 2020 - Beginner's Training Guide",
            "Git & GitHub Crash Course For Beginners",
            "How to use GitHub | What is GitHub | Git and GitHub Tutorial | DevOps Training | Edureka",
            "Learn Git In 15 Minutes",
            "Git And GitHub in ~30 Minutes",
            "What Is GitHub? | What Is GitHub And How To Use It? | GitHub Tutorial For Beginners | Simplilearn",
            "Git & GitHub Full Course in 5 Hours | Git GitHub Tutorial for Beginners | DevOps Training | Edureka",
            "Git vs. GitHub: What's the difference?",
            "Git and GitHub Tutorial For Beginners | Full Course [2021] [NEW]",
            "GitHub Actions Tutorial - Basic Concepts and CI/CD Pipeline with Docker",
            "Learn complete Git and Github in 1 video | Open-source Contribution | Linux commands & tricks",
            "Github Tutorial For Beginners - Github Basics for Mac or Windows & Source Control Basics",
            "1.2: Branches - Git and GitHub for Poets",
            "What is Git | What is GitHub | Git Tutorial | GitHub Tutorial | Devops Tutorial | Edureka",
            "Git and Github in One Video (Theory + Practical) | A 2 Z in Bangla",
            "Git and Github Complete Tutorial In Nepali",
            "How To Use GitHub with VS Code in 2020 | Commit & Push | Part 1",
            "GitHub Arctic Code Vault",
            "Git Tutorial for Beginners",
            "1.3: Forks and Pull Requests - Git and GitHub for Poets",
            "Git It? How to use Git and Github",
            "Git Tutorial for Beginners - Git & GitHub Fundamentals In Depth",
            "GITHUB VS GITLAB COMPARISON",
            "1.6: Cloning Repo and Push/Pull - Git and GitHub for Poets",
            "How to Push Code to Github",
            "Level-Up Your DevOps with GitHub Actions and Kubernetes",
            "5 Ways to DevOps-ify your App - Github Actions Tutorial",
            "Visual Studio Code | How to use git and github",
            "How To Add Eclipse Project To GitHub | How to Commit, Push, Pull from Eclipse to GitHub",
            "1.9: Resolving Merge Conflicts - Git and GitHub for Poets",
            "How to use GitHub with Unity",
            "#74 Python | Git | PyCharm | GitHub",
            "Using GitHub with Unity effectively! Improve your workflow!",
            "An Introduction to Git and GitHub by Brian Yu",
            "What is Git and Github?",
            "How to Create & Host a Portfolio in 10 minutes with Github pages! #grindreelwhat",
            "How to add Existing project to a GitHub Repository?",
            "How to work with Git & Github using Eclipse | Commit | Push | Branching | Pull Request  | Merging",
            "Integrate with GitHub: build after each commit (Get started with Jenkins, part 13)",
            "1.1: Introduction - Git and GitHub for Poets",
            "Github Tutorial in Hindi #5: Github in Hindi | How to Create Account in Github and Gitlab in Hindi",
            "How to push visual studio code project to github | Tech Projects",
            "Creating a Simple Github Pull Request",
            "Flutter GitHub Actions - Automate Your Workflow",
            "Git and GitHub Tutorial for Beginners [11 Hours]",
            "Getting Started with GitHub Pages",
            "How to Upload Project on GitHub using Eclipse",
            "Automatic Deployment With Github Actions",
            "How to Install and Configure Git and GitHub on Windows",
            "GitHub Project Management Tutorial - Setup GitHub Projects & Automations",
            "Learn in One Video - Git & GitHub (Version Control System) for Beginners - Sinhala",
            "Git vs GitHub | Git And GitHub Difference | What Is Git And GitHub? | Git And GitHub | Simplilearn",
            "Get GitHub repositories using REST API and JQuery",
            "How to Code (Download) or Clone Something From GitHub",
            "How to use GitHub with Pycharm in less than 7 minutes",
            "Forking a GitHub Repository",
            "How to source programmers/ software developers on GitHub.",
            "Git && Github Complete in 33 MINUTES || Placement Series",
            "Git i GitHub w 60 minut",
            "Git and GitHub Tutorial for Beginners 3 - Installing Git on Windows 10 + Creating a GitHub Account",
            "Satya Nadella Talks Microsoft GitHub Acquisition",
            "Syncing Your GitHub Fork",
            "How to Install and Configure Git and GitHub on Ubuntu 18.04/  Ubuntu 20.04(Linux)",
            "IntelliJ IDEA. Share a Project on GitHub",
            "Creating folders and uploading files on github",
            "Migrating from GitHub to GitLab",
            "How to upload an android studio project to GitHub",
            "GITHUB PULL REQUEST, Branching, Merging & Team Workflow",
            "Git Github Tutorial 10: What is Pull Request?",
            "Welcome to Codespaces - GitHub Universe 2020",
            "Deploy To Shared Hosting With Github Actions",
            "How GitHub uses GitHub to plan and track work - GitHub Universe 2020",
            "github vs gitlab",
            "Advanced GitHub Actions: workflows for production grade CI/CD - GitHub Universe 2019",
            "Collaborate using GitHub and Visual Studio 2019 - Pull Requests and Issues",
            "CI / CD in Flutter - GitHub Actions vs. Codemagic",
            "Git and Github Part 2 with Live Demo|| Github SSH key",
            "Github Actions CI/CD - Everything you need to know to get started",
            "#1 APA ITU GIT & GITHUB?",
            "How to setup SSH for github",
            "Git for Everybody: How to Clone a Repository from GitHub",
            "GitHub Actions: Approvals, Environments and Visualization DEEP DIVE",
            "Continuous Integration with GitHub Actions (CI) | ASP.NET Core 5 REST API Tutorial 29",
            "IntelliJ IDEA. Cloning a Project from GitHub",
            "#0 Git Tutorial | What is Git? | Github",
            "Was ist GitHub?",
            "How to Delete Repository in GitHub 2020",
            "Continuous integration with GitHub Actions - GitHub Satellite 2020",
            "Learn Git from Scratch - How to Create Branches and push to Github",
            "What is GIT? GIT vs GITHUB",
            "Git and GitHub Beginner Tutorial 2 - Getting started - Install Git (mac)",
            "GitHub Project Management Tutorial // Managing Issues Across Multiple Project Boards"
        ]
    }
}