{
    "among us": {
        "clickbait_avg_views": 4709388.982758621,
        "noclickbait_avg_views": 3141769.163265306,
        "clickbait_noclickbait_avg_ratio": 1.4989608523192883,
        "clickbait_per_video": 0.5420560747663551,
        "video_counts": 107,
        "clickbait_video_count": 58,
        "noclclickbait_video_count": 49,
        "total_views": 427091250,
        "clickbait_views": 273144561,
        "noclclickbait_views": 153946689,
        "result": [
            false,
            false,
            true,
            false,
            false,
            true,
            true,
            false,
            true,
            true,
            false,
            true,
            false,
            true,
            false,
            false,
            true,
            false,
            true,
            false,
            false,
            true,
            true,
            false,
            true,
            false,
            false,
            true,
            true,
            true,
            true,
            false,
            true,
            true,
            true,
            false,
            true,
            false,
            false,
            true,
            false,
            true,
            true,
            false,
            false,
            false,
            false,
            true,
            false,
            false,
            false,
            false,
            true,
            true,
            true,
            true,
            false,
            true,
            false,
            true,
            false,
            true,
            false,
            false,
            true,
            false,
            true,
            true,
            false,
            true,
            false,
            true,
            true,
            true,
            false,
            true,
            true,
            true,
            true,
            true,
            true,
            true,
            true,
            true,
            true,
            false,
            false,
            false,
            false,
            false,
            false,
            false,
            false,
            true,
            false,
            true,
            true,
            true,
            true,
            true,
            true,
            false,
            false,
            true,
            false,
            true,
            true
        ],
        "view": [
            "223880",
            "164141",
            "3234304",
            "31160",
            "791610",
            "241904",
            "4148440",
            "1825252",
            "4209743",
            "1465938",
            "8868",
            "1146309",
            "132819",
            "263825",
            "649742",
            "2111890",
            "4900581",
            "6421",
            "4614190",
            "28142523",
            "223395",
            "2886",
            "272394",
            "330405",
            "2055615",
            "313570",
            "1946957",
            "12466128",
            "213779",
            "261046",
            "472864",
            "181406",
            "4641577",
            "242987",
            "822790",
            "1393787",
            "9397",
            "790453",
            "2366887",
            "1178734",
            "24400",
            "9406857",
            "822155",
            "1859551",
            "10849295",
            "299982",
            "239310",
            "45639",
            "222281",
            "4947117",
            "30303458",
            "301265",
            "551836",
            "134519",
            "58704",
            "59407",
            "5651209",
            "11197663",
            "6505995",
            "7438219",
            "141781",
            "300817",
            "1584122",
            "1108906",
            "8457182",
            "113182",
            "9136655",
            "13453780",
            "2909644",
            "8120280",
            "924154",
            "119297",
            "10837577",
            "344077",
            "489678",
            "1703052",
            "491489",
            "5629023",
            "6403925",
            "9318571",
            "4729719",
            "91213732",
            "817979",
            "884164",
            "81815",
            "1305383",
            "326290",
            "1110276",
            "1110276",
            "249070",
            "19730",
            "113182",
            "2929334",
            "1703052",
            "3589187",
            "7197962",
            "94125",
            "360502",
            "195216",
            "4729719",
            "1623687",
            "305226",
            "29484118",
            "1084435",
            "3294121",
            "1858737",
            "5673562"
        ],
        "title": [
            "Among Us But Crewmates Play Dead",
            "Legendary *HIDING* Spot in Among Us! Funny Moments #157",
            "OFFICIAL TIKTOK Mod in Among Us",
            "Coca Cola, Different Fanta, Among us, Pepsi, Sprite and Mentos In the big underground hole",
            "Among Us Logic: The Last Crewmate | Cartoon Animation",
            "WORLD *Smartest* IMPOSTOR in Among Us! Funny Moments #156",
            "If Among Us Had A JESTER",
            "Among Us Logic: Novisor, the Final Chapter | Cartoon Animation",
            "*NEW* GRANNY Role in Among Us",
            "SKY Imposter Role in Among Us",
            "Games Among Us- Minecraft",
            "*NEW* LEGO IMPOSTOR ROLE in AMONG US!",
            "Among Us - BigMo and his family #2 (So funny)",
            "Using Only ONE COLOR to CHEAT in Among Us Hide N' Seek!",
            "Among Us But Crewmates Are The Same Color",
            "The Final Episode - Among Us (20,000 IQ Special)",
            "RANDOM ROLES *3* Mod in Among Us",
            "I Became a Famous TIKTOKER in Among Us!",
            "PEPPA PIG Mod in Among Us",
            "If Among Us Had 9 Impostors",
            "Oh No Oh No Oh No No No! Among Us Funny Moments #155",
            "CUP SONG the BEST moments in AMONG US  animation  is not appropriate for THIS KID  2",
            "SKY vs. BOYFRIEND Imposter Role in Among Us",
            "Among Us: The Bubblegum Impostor",
            "Smartest Impostor Trick in Among US! Funny Moments #134",
            "Funniest Kill in Among Us! Funny Moments #153",
            "Among Us But Its School",
            "Among Us - YOU CHOOSE",
            "2 IMPOSTOR BABIES - AMONG US  ANIMATION",
            "NEW Among Us SCARY TELETUBBIES ROLE?! (Scary Mod)",
            "CARNAGE Imposter Role in Among Us",
            "Among Us - Bad Timing #93 (Funny Moments)",
            "new AMONG US map is AMAZING!",
            "*NEW* RANDOM ROLES 4 in AMONG US!",
            "BLOODY MARY Imposter Role in Among Us...",
            "Among Us Logic: The God Imposter | Cartoon Animation",
            "JE SUIS LE CLOWN D'AMONG US SUR NINTENDO SWITCH !",
            "Among Us But Impostor Can Teleport",
            "That's not good! Among Us Funny Moments #68",
            "*NEW* TIKTOK IMPOSTOR ROLE in AMONG US!",
            "Neuer BILLARD MODUS in Among Us! (Billard Mod)",
            "COVID in Among Us",
            "MOMMY vs DADDY Role in Among Us",
            "Mini Crewmate Kills 12 Helltaker Characters | Among Us",
            "Among Us But Impostor Can Change Color",
            "Among Us: If The Impostor Could Control a Robot",
            "Worst Timing in Among Us! Funny Moments #150",
            "CUP SONG GIRL ANGRY MOM WITH BABY | Among us Funny Animation Season 02 #5",
            "Funniest Glitch in Among Us! WTF & Funny Moments #152",
            "MARIO vs BOWSER in Among Us",
            "If Everything Was Like Among Us 7",
            "Legendary Impstor Hiding Spot! Among Us Funny Moments #149",
            "Playing FIVE NIGHTS AT FREDDIES In AMONG US...",
            "Among Us Zombie Ep 29 Boss MUTATION - Animation",
            "Among Us COLOQUEI 20 PESSOAS NO AIRSHIP",
            "Super RANDOM ROLES Mod in Among Us! (Funny)",
            "STICKMAN Imposter Mod in Among Us",
            "GODZILLA vs KING KONG in Among Us",
            "SPONGEBOB CREWMATE Role in Among Us",
            "RANDOM ROLES *2* in Among Us",
            "NEUE FNAF ROLLE in Among Us!",
            "TOP 1000 ODDLY SATISFYING AMONG US MOMENTS",
            "Among Us On A Stranded Island",
            "Among Us But Impostor Can Set Traps",
            "Among Us - OUT - Animation - EP15 | friday night funkin' UGH",
            "Among Us - Bad Timing #94 (Funny Moments)",
            "OFFICIAL SSundee MOMMY ROLE (Among Us)",
            "PLAYING AMONG US IN REAL LIFE! If Everything Was Like Among Us! Funniest Moments By 123 GO!CHALLENGE",
            "Among Us But With Pets As Impostor",
            "STRANGER THINGS Mod in Among Us",
            "Our last game of Among Us, The End of an Era!",
            "If You See NOVISOR FAZBEAR In Among Us, RUN AND HIDE!",
            "FAT IMPOSTER Mod in Among Us",
            "*WOW* Smartest Impostor in Among Us! Funny Moments #148",
            "Worst Game in Among Us! Funny Moments #151",
            "AMONG US 3D ANIMATION - MINI CREWMATE LIFE #9",
            "*NEW* BEN 10 IMPOSTER ROLE in Among Us",
            "*NEW* HAND Mod in Among Us",
            "*NEW* NO VISOR Role in Among Us",
            "RANDOM ROLES Mod in Among Us",
            "*NEW* NERF IMPOSTER Mod in Among Us",
            "AMONG US, but with 1001 PLAYERS",
            "Tom & Jerry in AMONG US / Stop Motion Cooking ASMR Funny Moments",
            "Using Only ONE COLOR in Extreme Among Us Hide N Seek!",
            "VOLDEMORT'S REVENGE! (Among Us Harry Potter Mod!)",
            "Among Us But Its Super Speed",
            "Among us Revenge story - love wins! (part 8, final)",
            "Among Us - Bad Timing #78 (Funny Moments)",
            "Among Us - Bad Timing #78 (Funny Moments)",
            "Among Us Perfect Timing - Funny Moments #11 / Among Us Animation",
            "Jester Eliminations Are Among Us",
            "Among Us - Bad Timing #94 (Funny Moments)",
            "Among Us Logic: Fat Imposter... | Cartoon Animation",
            "AMONG US 3D ANIMATION - MINI CREWMATE LIFE #9",
            "Mini Crewmate Kills 6 FNF Mods Characters - Friday Night Funkin' vs Among us - Week 2(Revenge)",
            "VENT MONSTER Mod in Among Us",
            "Among Us Murder Mystery - AH Animated",
            "100% KARMA in Among Us! Funny Moments #147",
            "Modded Among Us Except BETTER? - Goose Goose Duck",
            "*NEW* NERF IMPOSTER Mod in Among Us",
            "Mini Crewmate Kills A.G.O.T.I. Friday Night Funkin' | AMONG US Animation",
            "World Smartest Impostor in Among Us! Funny Moments #145",
            "If Everything Was Like Among Us 6",
            "TOP 1000 ODDLY SATISFYING AMONG US MOMENTS",
            "Among Us Logic: The Curse of Novisor | Cartoon Animation",
            "Mini Crewmate Kills Garcello Friday Night Funkin' | AMONG US Animation",
            "POOP AIRSTRIKE in Among Us"
        ]
    }
}