{
    "typing": {
        "clickbait_avg_views": 744959.9166666666,
        "noclickbait_avg_views": 1354585.2647058824,
        "clickbait_noclickbait_avg_ratio": 0.5499542450939165,
        "clickbait_per_video": 0.2608695652173913,
        "video_counts": 92,
        "clickbait_video_count": 24,
        "noclclickbait_video_count": 68,
        "total_views": 109990836,
        "clickbait_views": 17879038,
        "noclclickbait_views": 92111798,
        "result": [
            true,
            false,
            false,
            false,
            true,
            false,
            false,
            false,
            false,
            true,
            false,
            false,
            false,
            false,
            true,
            false,
            true,
            false,
            false,
            true,
            false,
            false,
            false,
            false,
            true,
            true,
            false,
            false,
            false,
            false,
            false,
            false,
            false,
            false,
            true,
            false,
            false,
            false,
            false,
            true,
            false,
            true,
            false,
            false,
            false,
            false,
            false,
            false,
            true,
            false,
            false,
            false,
            false,
            false,
            false,
            false,
            false,
            false,
            false,
            false,
            true,
            false,
            false,
            false,
            true,
            false,
            true,
            true,
            true,
            true,
            false,
            true,
            true,
            false,
            false,
            false,
            false,
            false,
            true,
            false,
            false,
            false,
            false,
            true,
            false,
            true,
            false,
            false,
            true,
            false,
            false,
            false
        ],
        "view": [
            "4736941",
            "7035120",
            "1823310",
            "1741226",
            "269827",
            "14803238",
            "4971498",
            "88245",
            "3083774",
            "2241956",
            "2654848",
            "118894",
            "30479",
            "68827",
            "239584",
            "1350219",
            "360360",
            "323597",
            "162215",
            "244353",
            "682326",
            "420767",
            "822641",
            "2207954",
            "51632",
            "989081",
            "1606413",
            "1911986",
            "45156",
            "2524",
            "1873643",
            "471774",
            "200123",
            "29811",
            "2509423",
            "67213",
            "793569",
            "336613",
            "2056359",
            "165560",
            "233990",
            "534018",
            "6095104",
            "39389",
            "910397",
            "99093",
            "20781",
            "2386739",
            "1864",
            "53929",
            "819280",
            "2806661",
            "167323",
            "4027574",
            "9001287",
            "21545",
            "1879773",
            "1671864",
            "165199",
            "1011331",
            "56479",
            "495325",
            "1526077",
            "1647287",
            "200214",
            "293019",
            "3924061",
            "922",
            "1821",
            "527",
            "173919",
            "196907",
            "405752",
            "125649",
            "156789",
            "21518",
            "16760",
            "21291",
            "295268",
            "5743",
            "979900",
            "228675",
            "15875",
            "74825",
            "1543810",
            "370219",
            "516890",
            "364247",
            "7444",
            "116103",
            "475723",
            "191577"
        ],
        "title": [
            "How I Type REALLY Fast (156 Words per Minute)",
            "Learn the Basics of Touch Typing with KeyBlaze",
            "I Practiced Touch Typing For 30 Days",
            "How I type fast (150+ WPM)",
            "How I Type INSANELY Fast (160 WPM) - The Best Keyboards for Fast Typing",
            "Fastest Typist: Ultimate Typing Championship Final 2010 By Das Keyboard",
            "Learn English Typing in 10 Days - (Day 1) | Free Typing Lessons | Touch Typing Course| Tech Avi",
            "How to Type Faster | Increase typing speed Bangla tutorial",
            "Extremely Relaxing Keyboard Typing ASMR  (no speaking)",
            "Which Pros can type the fastest? - Cloud9 LoL vs CS:GO Typing Challenge!",
            "typing 200 wpm is hard",
            "Learning to Double My Typing Speed - From 50 WPM to 100 WPM",
            "how to improve  Typing Speed In 1 Week 45 wpm Using Typing Master",
            "Here, \"Typing in Korean on Different Keyboards Compilation\" (No mid-roll ads)",
            "Typing but I have to switch keyboards EVERY race",
            "Learn English Typing in 10 Days - (Day 2) | Free Typing Lessons | Touch Typing Course| Tech Avi",
            "Playing Type Racer Until Someone Beats Me! [FAST Dvorak Typing]",
            "ASMR | Interviewing You (Lots of Typing)",
            "20 things pianist tries to improve typing speed in 1 hour (86 to 120 wpm)",
            "POKIMANE ASMR! TYPING SPEED TEST!",
            "Learn English Typing in 10 Days - (Day 4) | Free Typing Lessons | Touch Typing Course| Tech Avi",
            "Qualifying for a $1,000 typing tournament!  [200 WPM with Dvorak Keyboard]",
            "How I Learned to Type Really Fast (150 Words/Minute)",
            "Speed Typing Test (Halda Star Typewriter)",
            "The BEST Typing Practice Websites",
            "150 WPM TYPING TEST (ASMR?)",
            "Speed Typing Tutorial in Telugu #01| Increase Typing Speed | Learn Computer Telugu Channel",
            "The Typing of the Dead",
            "Earn $300 For Typing Words ($30 Per Word) | Make Money Online From Typing",
            "Type Faster, Dammit - Touch Typing For Beginners",
            "How to learn English Typing at Home | part 1",
            "Learn English Typing in 10 Days - (Day 6) | Free Typing Lessons | Touch Typing Course| Tech Avi",
            "Become Typing Master - My Typing Speed & Technique?",
            "Top 10 Tips to Type Faster - Increase your Typing Speed!",
            "ASMR | LED Keyboard Clicking, Typing, Touching & Brushing + Soft Speaking Ramble",
            "Best Free Typing Software | #10 Speed Typing Tutorial in Telugu | Typing Master",
            "Typing Tutorial Online | Typing Test Tutorial For Beginners | Ep 1",
            "Speed Typing Tutorial in Telugu #02| Increase Typing Speed | Learn Computer Telugu Channel",
            "10 Fast Fingers Dvorak World Record - 206 WPM Typing",
            "The BEST 65% Mechanical Keyboards for Typing",
            "First to Five Typing Match vs Glarses! Typist vs Mechancal Keyboard YouTuber",
            "EARN BY TYPING WORDS: PAANO KUMITA SA PAG TATYPE LANG? Free TYPING job Philippines",
            "Typing Tutorial: Keyboard Basics",
            "Typing Tutorial in Bangla | Learn English Typing in 5 Hours",
            "I found the Perfect Keyboard for programming (170 wpm typing speed)",
            "Typing",
            "Typing Tips & Tricks | Fast Typing Tips and Tricks | Keyboard Typing Tips & Tricks to Increase Speed",
            "Apple Magic Keyboard vs Anne Pro(Cherry RGB Red Switches) Typing Sounds Comparison",
            "HOW UPSSSC CALCULATE TYPING SPEED / GROSS WPM || NET WPM / TYPING SPEED ACCURACY / JUNIOR ASSISTANT",
            "Work From Home | Typing Jobs From Home | Online Earning | Earn Money Online | Online Jobs At Home |",
            "Cottagecore Keyboard Typing For Cozy Relaxation (ASMR no speaking)",
            "Typing Speed",
            "Let Vim Do the Typing",
            "Typing in random words until i join someone's private match...",
            "143 wpm (Gross Speed) 139 wpm (Net Speed) 96% accuracy by Asee Ace",
            "Logitech K380 x Mac mini M1: $40 minimalist keyboard | Review & typing sounds",
            "Dygma Raise Split Mechanical Keyboard Unboxing & Typing Sounds (Cherry Red Switches)",
            "Proper Keyboarding to type fast",
            "keyboard finger setting for speed typing.",
            "10 sala Pakistani bacha, bijli se bhi taiz typing speed...",
            "$2-$15/HR: TYPING NON-VOICE Online Job: PHONE/COMPUTER | Data Entry Jobs: 15 SITES Where to APPLY!",
            "Learn Hindi Typing in Just 30 minutes | Complete Hindi Typing Tutorial with Typing Speed Tips 2020",
            "How we type: Movement Strategies and Performance in Everyday Typing - Aalto University Research",
            "Learn Computer Typing | Learn Computer Typing |Keyboarding Practice |Free Keyboarding Lessons",
            "Best Typing Software for PC 2021 | 7 FREE Typing Apps PC",
            "Sega's Typing of the Dead: A Zombie-Slaying Education",
            "POM Jelly Keycaps by Escape Keyboard | Keycaps Comparison & Typing Sounds",
            "JOIN LIVE SESSION ON SUNDAY|| UPSSSC JUNIOR ASSISTANT TYPING TEST 2021 || TYPING SPEED KAISE BADHAYE",
            "Why ISTPs Commonly Mistype as INTP and INTJ with Practical Typing Mara, Dominic & Deon Jansen",
            "FUN Session | Typing Mystery | Grace = INTJ?",
            "Learn Typing Tutorial  - Beginner Lesson 1",
            "How I Achieved a REALLY Fast 165 WPM Typing Speed (And How To Get There)",
            "Earn Money Online | Typing Job | Rs.500+ per day ($3) | part time job | instan Withdraw | NSCD GEEK",
            "The Fastest Typists in the World Share their Typing Secrets",
            "Speed Typing Tutorial in Telugu #04| Increase Typing Speed | Learn Computer Telugu Channel",
            "CSS Text Typing Animation | Multiple Text Typing Animation",
            "Beginner Typing Lesson 1 | Learn Typing Fast | Learn Typing | Typing Practice | English typing",
            "How to Earn Money Online | Typing Work From Mobile | Earn Money Online | Work From Home",
            "HOW TO INCREASE TYPING SPEED 2020TRICK TYPING SPEED KAISE BADHAYE SSCSTENO,DELHIPOLICE,JUNIORASSTANT",
            "Work from Home Jobs | Online Data Entry Jobs Home Based Jobs | Typing Part Time Jobs for Data Entry",
            "Work at home - captcha typing",
            "Linear VS Tactile Switch Typing Sounds",
            "Which is Better? Handwriting VS Typing Notes (the Science of Note Taking)",
            "ASMR Asking You PERSONAL Medical Questions | Sleepy Typing, Soft Speaking | Welcome to the Starship!",
            "Malayalam Voice Typing",
            "$10/20page | Typing Jobs Online: Convert PDF to WORD | Online Jobs at Home Philippines",
            "English Keyboard Se Hindi Me Kaise Typing Kare Hindi Me Kese Likhe Mobile Me Type English To Hindi",
            "Typewriting Class In Tamil",
            "JUNIOR ASSISTANT TYPING 2019 |junior assistant typing test 2021| upsssc junior assistant typing test",
            "Tamil type writing lessons | Tamil typing class online | Tamil typing lesson part 1",
            "Book Cafe Ambience & Jazz Music - Coffee Shop Sounds, Keyboard Typing Sounds, Book Cafe ASMR",
            "ASMR Roleplay | Teacher Grades Your Paper (Gum Chewing, Typing, Inaudible Whispers, Writing, Sassy)"
        ]
    }
}