{
    "coding": {
        "clickbait_avg_views": 969982.0769230769,
        "noclickbait_avg_views": 1442360.3723404256,
        "clickbait_noclickbait_avg_ratio": 0.6724963438569441,
        "clickbait_per_video": 0.12149532710280374,
        "video_counts": 107,
        "clickbait_video_count": 13,
        "noclclickbait_video_count": 94,
        "total_views": 148191642,
        "clickbait_views": 12609767,
        "noclclickbait_views": 135581875,
        "result": [
            false,
            false,
            false,
            false,
            false,
            false,
            true,
            false,
            false,
            false,
            false,
            false,
            true,
            false,
            false,
            false,
            false,
            false,
            true,
            false,
            false,
            false,
            true,
            false,
            false,
            false,
            false,
            false,
            false,
            false,
            false,
            false,
            false,
            false,
            false,
            false,
            true,
            false,
            false,
            false,
            false,
            false,
            true,
            false,
            false,
            false,
            false,
            false,
            false,
            false,
            false,
            false,
            false,
            false,
            false,
            false,
            true,
            true,
            false,
            false,
            false,
            false,
            false,
            false,
            false,
            false,
            true,
            false,
            false,
            false,
            false,
            true,
            false,
            false,
            false,
            false,
            false,
            false,
            false,
            true,
            false,
            false,
            false,
            false,
            false,
            true,
            false,
            false,
            false,
            false,
            false,
            false,
            false,
            false,
            false,
            false,
            false,
            false,
            true,
            false,
            false,
            false,
            false,
            false,
            false,
            false,
            false
        ],
        "view": [
            "207481",
            "85793",
            "2850999",
            "535985",
            "268816",
            "690768",
            "2008401",
            "4168630",
            "24531039",
            "2923654",
            "1397102",
            "1801377",
            "3227196",
            "1982659",
            "60787",
            "558247",
            "1383731",
            "94046",
            "805289",
            "904272",
            "7350729",
            "3314480",
            "74260",
            "218430",
            "243401",
            "15159491",
            "6928752",
            "2885390",
            "1747792",
            "97669",
            "946037",
            "1101226",
            "2673020",
            "52123",
            "609307",
            "8854505",
            "21553",
            "1276250",
            "22086",
            "116840",
            "13229",
            "278189",
            "1260636",
            "9693",
            "253258",
            "1495487",
            "18645",
            "2876139",
            "946619",
            "553193",
            "102817",
            "16190",
            "451520",
            "3541711",
            "73088",
            "8217",
            "217116",
            "552",
            "287147",
            "474382",
            "97092",
            "76932",
            "6392793",
            "6450",
            "149249",
            "65033",
            "747334",
            "35454",
            "695148",
            "5246",
            "465878",
            "14565",
            "1801",
            "523499",
            "2310405",
            "143396",
            "77806",
            "87720",
            "883493",
            "3376448",
            "1849852",
            "134464",
            "1437741",
            "335001",
            "1172",
            "10851",
            "278839",
            "332107",
            "31250",
            "65033",
            "1849852",
            "87720",
            "4963480",
            "1437741",
            "73088",
            "31192",
            "744",
            "36777",
            "845566",
            "695148",
            "60116",
            "32295",
            "993",
            "279961",
            "1704",
            "4383",
            "101389"
        ],
        "title": [
            "basics of CODING in 10 minutes",
            "Introduction to Coding",
            "How to Start Coding | Programming for Beginners | Learn Coding | Intellipaat",
            "How to Start Coding (and Keep Up With It)",
            "Programming vs Coding - What's the difference?",
            "5 Years of Coding - Everything I've Learned",
            "Coding a whole web app ONLY using my Phone.",
            "code-fi / lofi beats to code/relax to",
            "Learn Python - Full Course for Beginners [Tutorial]",
            "12 Hour Coding Livestream - Creating an Online Game with Python",
            "10 Years of Coding in 10 Minutes",
            "How to Learn Coding for Beginners [ Sharing My Experience ]",
            "Programming / Coding / Hacking music vol.16 (CONNECTION LOST)",
            "Coding is Not Difficult - Bill Gates",
            "How To Start Coding In 2021 | Learn How To Code On Your Own",
            "Coding for Kids |What is coding for kids? | Coding for beginners | Types of Coding |Coding Languages",
            "Why I'm so good at coding.",
            "Stop Watching Coding Tutorials in 2021",
            "Coding Adventure: Chess AI",
            "What is Coding?",
            "Coding \"Snake\" in 4 min 30 sec (plain browser JavaScript)",
            "Chillstep Music for Programming / Cyber / Coding",
            "How I Mastered Coding Games In 23 Days As A TOTAL BEGINNER",
            "Why is coding so hard...",
            "Coding On An iPad Air? (2020)",
            "AlgoExpert | Ace the Coding Interviews",
            "The Try Guys Try Coding With Girls Who Code",
            "WhiteHat Jr [Live 1:1 Online Coding Classes]",
            "Google Coding Interview With A High School Student",
            "I tried coding on my iPad for 7 days",
            "Coding Challenge #149: Tic Tac Toe",
            "Coding Interview | Software Engineer @ Bloomberg (Part 1)",
            "Work & Study Lofi Jazz - Relaxing Smooth Background Jazz Music for Work, Study, Focus, Coding",
            "Day in the life of a coding student online",
            "What is the difference between programming and coding",
            "Learn C language in 30 Minutes & Start Coding For Beginners in Hindi",
            "TOP CODING SPECIALIZATIONS or CAREER PATHS",
            "Coding Adventure: Simulating an Ecosystem",
            "12 Hour Coding Stream - Building My Portfolio Website",
            "10 Years Of Coding - Everything I've Ever Done",
            "Coding the YouTube Leaderboard",
            "How I learned coding?",
            "Every programmer coding for the FIRST time",
            "How to learn coding easily? in tamil",
            "What's on my Mac 2020 // Apps for Coding, Productivity, Video Editing",
            "The Horrific Yandere Simulator Coding | A Breakdown",
            "Python Coding",
            "How To Learn Programming for BEGINNERS! (2019/2020)",
            "How to learn to code | Best way to learn coding | Placement Series",
            "coding is hard...",
            "Learn Programing  in 10 Days For Free | 100K Coding Challenge",
            "Is Coding Hard to Learn? By Artur Meyster, CTO of #CareerKarma",
            "Coding on the iPad Pro -  Part 1",
            "Coding on a 15 year old computer - Programmer Boris",
            "C Programming Full Course for Beginners (Hindi) | Learn Coding",
            "Top 5 Best Laptop for Programming in 2021 | Best laptop for Coding",
            "TAMIL - TAMIL CODING - Why should you learn to CODE & develop APPS?",
            "Enable ENHANCED BLUETOOTH | Bimmercode Coding Tutorial | BMW m235i 2 series",
            "Coding Adventure: Terraforming",
            "Solving CSES Problemset [12 Hour Livestream] [150 coding problems]",
            "Positive Relaxing Music - Peaceful and reflective music for coding, studying, chill [mixtape #155]",
            "Introduction to Coding - Young Kids",
            "3 years of Computer Science in 8 minutes",
            "Coding with micro:bit - Part 1 - Introduction",
            "NVivo 12 tutorial - Coding and uncoding",
            "Best Laptops for Programming in 2021 | Best Laptops for Coding",
            "How to Make Money Coding - 5 Ways Developers Make Money WITHOUT a Job",
            "Coding without computers (unplugged), by Alessandro Bogliolo",
            "12 Beginner Python Projects - Coding Course",
            "Am I Really Passionate About Coding? Day In My Life Of As A Software Developer And Tech Consultant",
            "Michael Reeves Codes with Disguised Toast ! Michael Reeves Coding Challenge Full Vod June 29th",
            "WHAT IS CODING? WHY SHOULD I LEARN?",
            "C Program to Print Star Pattern - Part 1 | Learn Coding",
            "Coding Adventure: Ant and Slime Simulations",
            "Coding with Robot Blaze! | Blaze and the Monster Machines",
            "How to learn Code in Sinhala",
            "How to Choose a Coding Bootcamp",
            "10 Ways To Get Better At Coding",
            "Dynamic Programming - Learn to Solve Algorithmic Problems & Coding Challenges",
            "Programming / Coding / Hacking music vol.18 (ANONYMOUS HEADQUARTERS)",
            "Acing Google Coding Interview as an 18 year old High School Student",
            "Coding Snake Game In JavaScript",
            "Every Coding Interview Ever (Parody)",
            "HTML CODING Part 1 : Simple Website Build For Beginners (Bangla Tutorial)",
            "Coding For Beginners | C Language - Area Of Triangle | Code With Jammy #shorts",
            "CODING FASTER SHIFTING INTO MY SUPRA! (Bimmercode A90 Sport Plus Function)",
            "BBC Learning - What Is Coding",
            "The Whitehat Jr Demo Class | WhiteHat Jr [Live 1:1 Online Coding Classes] |White Hat Junior",
            "How to Learn Coding in Telugu | How to start Coding in Telugu | Learn Coding | Coding",
            "Best Laptops for Programming in 2021 | Best Laptops for Coding",
            "Acing Google Coding Interview as an 18 year old High School Student",
            "10 Ways To Get Better At Coding",
            "Coding Minecraft in One Week - C++/OpenGL Programming Challenge",
            "Every Coding Interview Ever (Parody)",
            "C Programming Full Course for Beginners (Hindi) | Learn Coding",
            "Belajar Coding Untuk Anak-anak Sejak Dini Dengan Cara Yang Menyenangkan dan Seru",
            "CPC Chapter Review - Cardiovascular- Medical Coding Course Review and Practice Questions",
            "Best Laptop For Coding | Crossroads",
            "Programming / Coding / Hacking music vol.20 (UNDER THE DEEP)",
            "12 Beginner Python Projects - Coding Course",
            "Coding Challenge #42.1: Markov Chains - Part 1",
            "Avoid these Coding Mistakes | 3 Mistakes every Programmer Do | Anshika Gupta",
            "c program to calculate sum of first N natural numbers | learn coding",
            "12HR+ YouTube Coding Bootcamp 2021!",
            "Medical Coding for Beginners 2021",
            "Explain All Unique & Unknown Features of Omnitrix||Color coding & Voice Command ||Ultimate Ben Crash",
            "Coding is hard | Code with me a Pomodoro Timer in Python!"
        ]
    }
}